"","app","country","reviews","ratings","ratio"
"1","Period Tracker Lite","AE",176,719,0.00622491775457827
"2","Period Tracker Lite","AG",1,3,0.0000278208614729755
"3","Period Tracker Lite","AL",3,40,0.000299074260834487
"4","Period Tracker Lite","AM",1,28,0.000201701245679072
"5","Period Tracker Lite","AR",71,171,0.00168316211911502
"6","Period Tracker Lite","AT",186,314,0.00347760768412194
"7","Period Tracker Lite","AU",1135,1739,0.0199892889683329
"8","Period Tracker Lite","AZ",9,26,0.000243432537888536
"9","Period Tracker Lite","BB",2,17,0.000132149091996634
"10","Period Tracker Lite","BE",63,150,0.00148146087343595
"11","Period Tracker Lite","BG",10,60,0.000486865075777071
"12","Period Tracker Lite","BH",13,104,0.000813760198084534
"13","Period Tracker Lite","BM",1,2,0.0000208656461047316
"14","Period Tracker Lite","BN",1,6,0.0000486865075777071
"15","Period Tracker Lite","BO",3,6,0.0000625969383141949
"16","Period Tracker Lite","BR",549,1447,0.0138826098750148
"17","Period Tracker Lite","BS",6,24,0.000208656461047316
"18","Period Tracker Lite","BY",9,57,0.000459044214304096
"19","Period Tracker Lite","CA",3341,6631,0.0693574076521279
"20","Period Tracker Lite","CH",435,917,0.00940345117786572
"21","Period Tracker Lite","CL",145,212,0.00248301188646306
"22","Period Tracker Lite","CO",88,167,0.00177357991890219
"23","Period Tracker Lite","CR",28,84,0.000778984121243314
"24","Period Tracker Lite","CY",6,33,0.000271253399361511
"25","Period Tracker Lite","CZ",8,37,0.000312984691570975
"26","Period Tracker Lite","DE",1609,1714,0.0231121806686744
"27","Period Tracker Lite","DK",79,92,0.0011893418279697
"28","Period Tracker Lite","DO",62,146,0.00144668479659473
"29","Period Tracker Lite","DZ",3,13,0.000111283445891902
"30","Period Tracker Lite","EC",18,70,0.000612058952405461
"31","Period Tracker Lite","EE",4,21,0.000173880384206097
"32","Period Tracker Lite","EG",26,172,0.00137713264291229
"33","Period Tracker Lite","ES",371,653,0.00712214053708173
"34","Period Tracker Lite","FI",6,32,0.000264298183993267
"35","Period Tracker Lite","FR",1447,1471,0.0202953184445356
"36","Period Tracker Lite","GB",2616,3308,0.0412026958414767
"37","Period Tracker Lite","GD",2,6,0.000055641722945951
"38","Period Tracker Lite","GH",5,38,0.000299074260834487
"39","Period Tracker Lite","GR",73,211,0.00197528116458126
"40","Period Tracker Lite","GT",23,69,0.000639879813878437
"41","Period Tracker Lite","GY",1,5,0.0000417312922094633
"42","Period Tracker Lite","HK",148,502,0.00452088998935852
"43","Period Tracker Lite","HN",9,36,0.000312984691570975
"44","Period Tracker Lite","HR",32,99,0.000911133213239948
"45","Period Tracker Lite","HU",8,55,0.000438178568199364
"46","Period Tracker Lite","ID",27,88,0.000799849767348046
"47","Period Tracker Lite","IE",211,393,0.0042009500824193
"48","Period Tracker Lite","IL",38,110,0.00102937187450009
"49","Period Tracker Lite","IN",106,551,0.00456957649693623
"50","Period Tracker Lite","IS",2,8,0.0000695521536824388
"51","Period Tracker Lite","IT",401,410,0.00564067966364579
"52","Period Tracker Lite","JM",16,53,0.000479909860408828
"53","Period Tracker Lite","JO",21,140,0.00111978967428726
"54","Period Tracker Lite","JP",1691,1884,0.0248648949414719
"55","Period Tracker Lite","KE",4,37,0.000285163830097999
"56","Period Tracker Lite","KG",2,7,0.0000625969383141949
"57","Period Tracker Lite","KR",4393,4930,0.0648434728781377
"58","Period Tracker Lite","KW",60,327,0.00269166834751038
"59","Period Tracker Lite","KY",1,1,0.0000139104307364878
"60","Period Tracker Lite","KZ",15,74,0.000619014167773705
"61","Period Tracker Lite","LB",17,142,0.00110587924355078
"62","Period Tracker Lite","LK",3,20,0.000159969953469609
"63","Period Tracker Lite","LT",11,28,0.000271253399361511
"64","Period Tracker Lite","LU",11,40,0.000354715983780438
"65","Period Tracker Lite","LV",6,38,0.000306029476202731
"66","Period Tracker Lite","MD",1,12,0.0000904177997871704
"67","Period Tracker Lite","MK",2,17,0.000132149091996634
"68","Period Tracker Lite","MN",2,14,0.000111283445891902
"69","Period Tracker Lite","MO",5,26,0.00021561167641556
"70","Period Tracker Lite","MT",7,28,0.000243432537888536
"71","Period Tracker Lite","MU",1,13,0.0000973730151554143
"72","Period Tracker Lite","MX",1088,1994,0.0214359737649276
"73","Period Tracker Lite","MY",134,485,0.00430527831294296
"74","Period Tracker Lite","NG",7,33,0.000278208614729755
"75","Period Tracker Lite","NI",9,16,0.000173880384206097
"76","Period Tracker Lite","NL",275,387,0.00460435257377745
"77","Period Tracker Lite","NO",54,96,0.00104328230523658
"78","Period Tracker Lite","NZ",108,213,0.00223262413320628
"79","Period Tracker Lite","OM",6,47,0.000368626414516925
"80","Period Tracker Lite","PA",11,34,0.000312984691570975
"81","Period Tracker Lite","PE",29,90,0.000827670628821021
"82","Period Tracker Lite","PH",62,254,0.00219784805636507
"83","Period Tracker Lite","PK",10,49,0.000410357706726389
"84","Period Tracker Lite","PL",18,69,0.000605103737037217
"85","Period Tracker Lite","PT",53,120,0.00120325225870619
"86","Period Tracker Lite","PY",1,18,0.000132149091996634
"87","Period Tracker Lite","QA",16,91,0.000744208044402095
"88","Period Tracker Lite","RO",30,161,0.00132844613533458
"89","Period Tracker Lite","RU",2460,3704,0.0428719475298553
"90","Period Tracker Lite","SA",120,517,0.00443047218957135
"91","Period Tracker Lite","SE",1095,1995,0.0214916154878736
"92","Period Tracker Lite","SG",301,699,0.00695521536824388
"93","Period Tracker Lite","SI",1,30,0.00021561167641556
"94","Period Tracker Lite","SK",3,22,0.000173880384206097
"95","Period Tracker Lite","SV",5,38,0.000299074260834487
"96","Period Tracker Lite","TH",43,166,0.00145364001196297
"97","Period Tracker Lite","TN",2,8,0.0000695521536824388
"98","Period Tracker Lite","TR",301,1027,0.00923652600902787
"99","Period Tracker Lite","TT",8,60,0.000472954645040584
"100","Period Tracker Lite","TW",117,307,0.0029490113161354
"101","Period Tracker Lite","TZ",3,10,0.0000904177997871704
"102","Period Tracker Lite","UA",79,421,0.00347760768412194
"103","Period Tracker Lite","UG",3,9,0.0000834625844189265
"104","Period Tracker Lite","US",24010,48819,0.506541380053833
"105","Period Tracker Lite","UY",8,14,0.000153014738101365
"106","Period Tracker Lite","VE",15,21,0.00025038775325678
"107","Period Tracker Lite","VG",1,3,0.0000278208614729755
"108","Period Tracker Lite","VN",14,46,0.000417312922094633
"109","Period Tracker Lite","ZA",52,159,0.00146755044269946
"110","Period Tracker Lite","ZW",3,6,0.0000625969383141949
"111","Ladytimer","AE",6,12,0.00220804710500491
"112","Ladytimer","AO",1,4,0.000613346418056919
"113","Ladytimer","AR",7,22,0.00355740922473013
"114","Ladytimer","AT",23,33,0.00686947988223749
"115","Ladytimer","AU",34,16,0.00613346418056919
"116","Ladytimer","AZ",1,5,0.000736015701668302
"117","Ladytimer","BE",71,241,0.0382728164867517
"118","Ladytimer","BF",2,5,0.000858684985279686
"119","Ladytimer","BG",1,6,0.000858684985279686
"120","Ladytimer","BJ",1,6,0.000858684985279686
"121","Ladytimer","BR",479,448,0.113714425907753
"122","Ladytimer","BS",1,2,0.000368007850834151
"123","Ladytimer","CA",89,88,0.0217124631992149
"124","Ladytimer","CH",68,67,0.0165603532875368
"125","Ladytimer","CL",32,37,0.00846418056918548
"126","Ladytimer","CO",65,77,0.0174190382728165
"127","Ladytimer","CR",3,4,0.000858684985279686
"128","Ladytimer","DE",354,252,0.0743375858684985
"129","Ladytimer","DK",18,19,0.0045387634936212
"130","Ladytimer","DO",7,37,0.00539744847890088
"131","Ladytimer","DZ",2,6,0.00098135426889107
"132","Ladytimer","EC",6,17,0.00282139352306183
"133","Ladytimer","EE",1,2,0.000368007850834151
"134","Ladytimer","EG",1,3,0.000490677134445535
"135","Ladytimer","ES",87,90,0.0217124631992149
"136","Ladytimer","FI",4,3,0.000858684985279686
"137","Ladytimer","FR",669,591,0.154563297350343
"138","Ladytimer","GB",159,58,0.0266192345436703
"139","Ladytimer","GH",2,26,0.00343473994111874
"140","Ladytimer","GR",3,14,0.00208537782139352
"141","Ladytimer","GT",3,7,0.00122669283611384
"142","Ladytimer","HK",5,5,0.00122669283611384
"143","Ladytimer","HN",3,2,0.000613346418056919
"144","Ladytimer","HU",1,15,0.00196270853778214
"145","Ladytimer","ID",32,74,0.0130029440628067
"146","Ladytimer","IE",7,5,0.0014720314033366
"147","Ladytimer","IL",2,6,0.00098135426889107
"148","Ladytimer","IN",4,11,0.00184003925417076
"149","Ladytimer","IT",154,84,0.0291952894995093
"150","Ladytimer","JP",17,10,0.00331207065750736
"151","Ladytimer","KR",14,6,0.00245338567222767
"152","Ladytimer","LT",1,3,0.000490677134445535
"153","Ladytimer","LU",4,9,0.00159470068694799
"154","Ladytimer","MG",2,3,0.000613346418056919
"155","Ladytimer","MU",2,2,0.000490677134445535
"156","Ladytimer","MX",202,195,0.0486997055937193
"157","Ladytimer","MY",4,16,0.00245338567222767
"158","Ladytimer","NG",22,106,0.0157016683022571
"159","Ladytimer","NI",1,1,0.000245338567222767
"160","Ladytimer","NL",58,83,0.0172963689892051
"161","Ladytimer","NO",24,24,0.00588812561334642
"162","Ladytimer","NZ",2,5,0.000858684985279686
"163","Ladytimer","PA",3,7,0.00122669283611384
"164","Ladytimer","PE",3,17,0.00245338567222767
"165","Ladytimer","PH",4,16,0.00245338567222767
"166","Ladytimer","PL",10,30,0.00490677134445535
"167","Ladytimer","PT",7,10,0.00208537782139352
"168","Ladytimer","PY",2,8,0.00122669283611384
"169","Ladytimer","RO",5,20,0.00306673209028459
"170","Ladytimer","RU",550,394,0.115799803729146
"171","Ladytimer","SA",3,14,0.00208537782139352
"172","Ladytimer","SE",15,14,0.00355740922473013
"173","Ladytimer","SG",9,4,0.00159470068694799
"174","Ladytimer","SI",1,2,0.000368007850834151
"175","Ladytimer","SN",1,8,0.00110402355250245
"176","Ladytimer","SV",1,7,0.00098135426889107
"177","Ladytimer","TH",61,125,0.0228164867517174
"178","Ladytimer","TJ",1,2,0.000368007850834151
"179","Ladytimer","TN",2,3,0.000613346418056919
"180","Ladytimer","TR",67,105,0.021099116781158
"181","Ladytimer","TW",2,7,0.00110402355250245
"182","Ladytimer","TZ",2,11,0.00159470068694799
"183","Ladytimer","UA",19,53,0.00883218842001963
"184","Ladytimer","UG",2,6,0.00098135426889107
"185","Ladytimer","US",445,321,0.0939646712463199
"186","Ladytimer","VE",20,11,0.0038027477919529
"187","Ladytimer","VN",16,59,0.00920019627085378
"188","Ladytimer","ZA",2,16,0.00220804710500491
"189","Ladytimer","ZW",1,4,0.000613346418056919
"190","WomanLog & Ovulation Tracker","AE",11,11,0.00134367556342759
"191","WomanLog & Ovulation Tracker","AO",1,1,0.000122152323947963
"192","WomanLog & Ovulation Tracker","AR",87,36,0.00751236792279973
"193","WomanLog & Ovulation Tracker","AT",70,30,0.00610761619739816
"194","WomanLog & Ovulation Tracker","AU",67,27,0.00574115922555427
"195","WomanLog & Ovulation Tracker","AZ",4,7,0.000671837781713797
"196","WomanLog & Ovulation Tracker","BE",25,8,0.00201551334514139
"197","WomanLog & Ovulation Tracker","BG",30,44,0.00451963598607464
"198","WomanLog & Ovulation Tracker","BH",1,2,0.000183228485921945
"199","WomanLog & Ovulation Tracker","BO",1,1,0.000122152323947963
"200","WomanLog & Ovulation Tracker","BR",668,177,0.0516093568680144
"201","WomanLog & Ovulation Tracker","BY",35,17,0.00317596042264704
"202","WomanLog & Ovulation Tracker","CA",139,58,0.0120320039088744
"203","WomanLog & Ovulation Tracker","CH",144,52,0.0119709277469004
"204","WomanLog & Ovulation Tracker","CL",149,38,0.0114212422891346
"205","WomanLog & Ovulation Tracker","CO",51,17,0.00415317901423075
"206","WomanLog & Ovulation Tracker","CR",13,9,0.00134367556342759
"207","WomanLog & Ovulation Tracker","CY",5,7,0.000732913943687779
"208","WomanLog & Ovulation Tracker","CZ",96,82,0.0108715568313687
"209","WomanLog & Ovulation Tracker","DE",1035,190,0.0748182984181274
"210","WomanLog & Ovulation Tracker","DK",115,21,0.00830635802846149
"211","WomanLog & Ovulation Tracker","DO",7,7,0.000855066267635742
"212","WomanLog & Ovulation Tracker","DZ",5,5,0.000610761619739816
"213","WomanLog & Ovulation Tracker","EC",13,8,0.00128259940145361
"214","WomanLog & Ovulation Tracker","EE",8,17,0.00152690404934954
"215","WomanLog & Ovulation Tracker","EG",2,3,0.000305380809869908
"216","WomanLog & Ovulation Tracker","ES",928,273,0.0733524705307518
"217","WomanLog & Ovulation Tracker","FI",39,18,0.00348134123251695
"218","WomanLog & Ovulation Tracker","FR",289,51,0.0207658950711537
"219","WomanLog & Ovulation Tracker","GB",180,75,0.0155744213033653
"220","WomanLog & Ovulation Tracker","GH",4,5,0.000549685457765834
"221","WomanLog & Ovulation Tracker","GR",22,30,0.00317596042264704
"222","WomanLog & Ovulation Tracker","GT",4,5,0.000549685457765834
"223","WomanLog & Ovulation Tracker","HK",67,15,0.00500824528186649
"224","WomanLog & Ovulation Tracker","HR",16,26,0.00256519880290723
"225","WomanLog & Ovulation Tracker","HU",74,101,0.0106883283454468
"226","WomanLog & Ovulation Tracker","ID",5,5,0.000610761619739816
"227","WomanLog & Ovulation Tracker","IE",13,5,0.00109937091553167
"228","WomanLog & Ovulation Tracker","IL",37,15,0.00317596042264704
"229","WomanLog & Ovulation Tracker","IN",14,11,0.00152690404934954
"230","WomanLog & Ovulation Tracker","IS",1,1,0.000122152323947963
"231","WomanLog & Ovulation Tracker","IT",2227,340,0.156782507787211
"232","WomanLog & Ovulation Tracker","JP",215,48,0.0160630305991571
"233","WomanLog & Ovulation Tracker","KE",1,2,0.000183228485921945
"234","WomanLog & Ovulation Tracker","KG",2,3,0.000305380809869908
"235","WomanLog & Ovulation Tracker","KR",95,30,0.00763452024674769
"236","WomanLog & Ovulation Tracker","KW",1,2,0.000183228485921945
"237","WomanLog & Ovulation Tracker","KZ",38,19,0.00348134123251695
"238","WomanLog & Ovulation Tracker","LB",1,2,0.000183228485921945
"239","WomanLog & Ovulation Tracker","LK",1,4,0.000305380809869908
"240","WomanLog & Ovulation Tracker","LT",17,36,0.00323703658462102
"241","WomanLog & Ovulation Tracker","LU",4,3,0.000427533133817871
"242","WomanLog & Ovulation Tracker","LV",45,55,0.00610761619739816
"243","WomanLog & Ovulation Tracker","MD",6,9,0.000916142429609723
"244","WomanLog & Ovulation Tracker","MK",3,3,0.000366456971843889
"245","WomanLog & Ovulation Tracker","MO",2,1,0.000183228485921945
"246","WomanLog & Ovulation Tracker","MT",1,1,0.000122152323947963
"247","WomanLog & Ovulation Tracker","MX",294,137,0.0263238258107861
"248","WomanLog & Ovulation Tracker","MY",18,11,0.00177120869724547
"249","WomanLog & Ovulation Tracker","NG",1,1,0.000122152323947963
"250","WomanLog & Ovulation Tracker","NI",2,2,0.000244304647895926
"251","WomanLog & Ovulation Tracker","NL",153,43,0.0119709277469004
"252","WomanLog & Ovulation Tracker","NO",37,25,0.00378672204238686
"253","WomanLog & Ovulation Tracker","NZ",15,6,0.00128259940145361
"254","WomanLog & Ovulation Tracker","OM",1,1,0.000122152323947963
"255","WomanLog & Ovulation Tracker","PA",2,3,0.000305380809869908
"256","WomanLog & Ovulation Tracker","PE",7,6,0.00079399010566176
"257","WomanLog & Ovulation Tracker","PH",20,20,0.00244304647895926
"258","WomanLog & Ovulation Tracker","PK",1,2,0.000183228485921945
"259","WomanLog & Ovulation Tracker","PL",92,51,0.00873389116227936
"260","WomanLog & Ovulation Tracker","PT",36,16,0.00317596042264704
"261","WomanLog & Ovulation Tracker","PY",3,3,0.000366456971843889
"262","WomanLog & Ovulation Tracker","QA",1,3,0.000244304647895926
"263","WomanLog & Ovulation Tracker","RO",18,28,0.00280950345080315
"264","WomanLog & Ovulation Tracker","RU",1690,427,0.129298234898919
"265","WomanLog & Ovulation Tracker","SA",16,17,0.00201551334514139
"266","WomanLog & Ovulation Tracker","SE",229,52,0.0171624015146888
"267","WomanLog & Ovulation Tracker","SG",18,5,0.00140475172540158
"268","WomanLog & Ovulation Tracker","SI",3,4,0.000427533133817871
"269","WomanLog & Ovulation Tracker","SK",6,15,0.00128259940145361
"270","WomanLog & Ovulation Tracker","SN",1,1,0.000122152323947963
"271","WomanLog & Ovulation Tracker","TH",51,26,0.00470286447199658
"272","WomanLog & Ovulation Tracker","TJ",1,1,0.000122152323947963
"273","WomanLog & Ovulation Tracker","TM",1,3,0.000244304647895926
"274","WomanLog & Ovulation Tracker","TR",89,60,0.00910034813412325
"275","WomanLog & Ovulation Tracker","TW",482,114,0.036401392536493
"276","WomanLog & Ovulation Tracker","UA",91,89,0.0109937091553167
"277","WomanLog & Ovulation Tracker","US",2024,534,0.156232822329445
"278","WomanLog & Ovulation Tracker","UY",7,4,0.000671837781713797
"279","WomanLog & Ovulation Tracker","UZ",1,6,0.000427533133817871
"280","WomanLog & Ovulation Tracker","VE",23,5,0.00171013253527148
"281","WomanLog & Ovulation Tracker","VG",1,1,0.000122152323947963
"282","WomanLog & Ovulation Tracker","VN",4,2,0.000366456971843889
"283","WomanLog & Ovulation Tracker","ZA",2,5,0.000427533133817871
"284","Bellabeat","AE",243,2922,0.0144283369803063
"285","Bellabeat","AG",3,10,0.0000592633114514953
"286","Bellabeat","AL",3,196,0.000907184536834427
"287","Bellabeat","AO",3,106,0.00049690007293946
"288","Bellabeat","AR",94,377,0.00214715536105033
"289","Bellabeat","AT",36,338,0.00170495988329686
"290","Bellabeat","AU",4116,16458,0.0937910284463895
"291","Bellabeat","BB",12,55,0.000305433989788476
"292","Bellabeat","BE",176,623,0.00364241429613421
"293","Bellabeat","BG",97,615,0.00324580598103574
"294","Bellabeat","BH",20,434,0.00206965718453683
"295","Bellabeat","BN",4,81,0.000387490882567469
"296","Bellabeat","BO",3,56,0.000268964259664478
"297","Bellabeat","BR",1089,3058,0.018904996353027
"298","Bellabeat","BS",3,51,0.00024617067833698
"299","Bellabeat","BY",4,22,0.000118526622902991
"300","Bellabeat","BZ",1,17,0.0000820568927789934
"301","Bellabeat","CA",1513,6012,0.0343043398978848
"302","Bellabeat","CH",111,678,0.00359682713347921
"303","Bellabeat","CL",87,233,0.00145878920495988
"304","Bellabeat","CO",62,412,0.00216083150984683
"305","Bellabeat","CR",138,318,0.00207877461706783
"306","Bellabeat","CY",59,534,0.00270331874544128
"307","Bellabeat","CZ",54,278,0.00151349380014588
"308","Bellabeat","DE",361,1007,0.0062363238512035
"309","Bellabeat","DK",126,231,0.00162746170678337
"310","Bellabeat","DM",1,8,0.0000410284463894967
"311","Bellabeat","DO",92,408,0.00227935813274982
"312","Bellabeat","DZ",8,100,0.000492341356673961
"313","Bellabeat","EC",23,224,0.00112600291757841
"314","Bellabeat","EG",87,1786,0.00853847556528082
"315","Bellabeat","ES",242,736,0.00445842450765864
"316","Bellabeat","FI",33,131,0.00074762946754194
"317","Bellabeat","FR",1502,3408,0.0223832968636032
"318","Bellabeat","GB",4311,20826,0.114592450765864
"319","Bellabeat","GH",7,249,0.00116703136396791
"320","Bellabeat","GR",753,2720,0.0158324215900802
"321","Bellabeat","GT",15,122,0.00062454412837345
"322","Bellabeat","HK",203,897,0.0050145878920496
"323","Bellabeat","HN",10,80,0.000410284463894967
"324","Bellabeat","HR",247,1094,0.00611323851203501
"325","Bellabeat","HU",42,288,0.00150437636761488
"326","Bellabeat","ID",321,2829,0.0143599562363239
"327","Bellabeat","IE",386,2540,0.0133388037928519
"328","Bellabeat","IL",140,613,0.00343271334792123
"329","Bellabeat","IN",194,4160,0.0198486506199854
"330","Bellabeat","IS",13,87,0.000455871626549964
"331","Bellabeat","IT",270,655,0.00421681254558716
"332","Bellabeat","JM",23,129,0.000692924872355945
"333","Bellabeat","JO",54,817,0.00397064186725018
"334","Bellabeat","JP",101,183,0.0012946754194019
"335","Bellabeat","KE",3,171,0.000793216630196937
"336","Bellabeat","KH",1,104,0.000478665207877462
"337","Bellabeat","KR",33,82,0.000524252370532458
"338","Bellabeat","KW",59,589,0.00295404814004376
"339","Bellabeat","KZ",10,89,0.000451312910284464
"340","Bellabeat","LB",103,1217,0.00601750547045952
"341","Bellabeat","LK",2,266,0.0012217359591539
"342","Bellabeat","LT",14,166,0.000820568927789934
"343","Bellabeat","LV",5,58,0.000287199124726477
"344","Bellabeat","MD",3,15,0.0000820568927789934
"345","Bellabeat","MK",3,101,0.000474106491611962
"346","Bellabeat","MN",1,201,0.000920860685630926
"347","Bellabeat","MO",13,36,0.000223377097009482
"348","Bellabeat","MT",45,222,0.0012171772428884
"349","Bellabeat","MU",8,91,0.000451312910284464
"350","Bellabeat","MX",532,1595,0.00969638949671772
"351","Bellabeat","MY",1000,6810,0.0356035740335522
"352","Bellabeat","NG",19,568,0.00267596644784829
"353","Bellabeat","NI",3,20,0.000104850474106492
"354","Bellabeat","NL",489,1287,0.00809628008752735
"355","Bellabeat","NO",234,489,0.00329595185995624
"356","Bellabeat","NZ",477,1894,0.0108087162654996
"357","Bellabeat","OM",8,342,0.00159555069292487
"358","Bellabeat","PA",7,82,0.000405725747629468
"359","Bellabeat","PE",25,181,0.000939095550692925
"360","Bellabeat","PG",1,5,0.0000273522975929978
"361","Bellabeat","PH",977,3446,0.0201632020423049
"362","Bellabeat","PK",26,607,0.00288566739606127
"363","Bellabeat","PL",90,268,0.00163202042304887
"364","Bellabeat","PT",49,290,0.00154540481400438
"365","Bellabeat","PY",5,48,0.000241611962071481
"366","Bellabeat","QA",5,338,0.00156363967906637
"367","Bellabeat","RO",221,1593,0.00826951130561634
"368","Bellabeat","RU",73,136,0.000952771699489424
"369","Bellabeat","SA",142,1857,0.00911287381473377
"370","Bellabeat","SC",1,8,0.0000410284463894967
"371","Bellabeat","SE",91,242,0.00151805251641138
"372","Bellabeat","SG",524,1960,0.0113238512035011
"373","Bellabeat","SI",18,273,0.00132658643326039
"374","Bellabeat","SK",45,418,0.00211068563092633
"375","Bellabeat","SN",1,42,0.000196024799416484
"376","Bellabeat","SR",2,16,0.0000820568927789934
"377","Bellabeat","SV",5,43,0.000218818380743983
"378","Bellabeat","TH",317,1025,0.00611779722830051
"379","Bellabeat","TN",4,58,0.000282640408460977
"380","Bellabeat","TR",177,1065,0.00566192560175055
"381","Bellabeat","TT",50,352,0.00183260393873085
"382","Bellabeat","TW",127,217,0.00156819839533187
"383","Bellabeat","UA",9,86,0.000433078045222465
"384","Bellabeat","UG",2,78,0.000364697301239971
"385","Bellabeat","US",19677,61501,0.370067469000729
"386","Bellabeat","UY",2,37,0.000177789934354486
"387","Bellabeat","VE",149,111,0.00118526622902991
"388","Bellabeat","VN",47,277,0.00147702407002188
"389","Bellabeat","ZA",241,2315,0.0116520787746171
"390","Bellabeat","ZW",1,88,0.000405725747629468
"391","Fertility Friend","AE",4,10,0.00114867082376108
"392","Fertility Friend","AG",1,1,0.000164095831965868
"393","Fertility Friend","AO",1,2,0.000246143747948802
"394","Fertility Friend","AR",2,7,0.000738431243846406
"395","Fertility Friend","AT",1,8,0.000738431243846406
"396","Fertility Friend","AU",362,436,0.0654742369543814
"397","Fertility Friend","BB",1,1,0.000164095831965868
"398","Fertility Friend","BE",6,17,0.00188710206760748
"399","Fertility Friend","BR",36,37,0.00598949786675418
"400","Fertility Friend","BS",1,1,0.000164095831965868
"401","Fertility Friend","CA",476,538,0.0831965868066951
"402","Fertility Friend","CH",8,19,0.00221529373153922
"403","Fertility Friend","CL",3,5,0.000656383327863472
"404","Fertility Friend","CY",3,2,0.00041023957991467
"405","Fertility Friend","CZ",6,75,0.00664588119461766
"406","Fertility Friend","DE",12,18,0.00246143747948802
"407","Fertility Friend","DK",6,7,0.00106662290777814
"408","Fertility Friend","DO",1,4,0.00041023957991467
"409","Fertility Friend","EC",1,1,0.000164095831965868
"410","Fertility Friend","ES",16,15,0.00254348539547095
"411","Fertility Friend","FI",3,8,0.000902527075812274
"412","Fertility Friend","FR",27,27,0.00443058746307844
"413","Fertility Friend","GB",643,627,0.104200853298326
"414","Fertility Friend","GR",6,10,0.00131276665572694
"415","Fertility Friend","GT",1,1,0.000164095831965868
"416","Fertility Friend","HR",10,28,0.00311782080735149
"417","Fertility Friend","HU",8,33,0.0033639645553003
"418","Fertility Friend","ID",8,6,0.00114867082376108
"419","Fertility Friend","IE",37,75,0.00918936659008861
"420","Fertility Friend","IL",5,9,0.00114867082376108
"421","Fertility Friend","IN",3,26,0.00237938956350509
"422","Fertility Friend","IS",1,5,0.000492287495897604
"423","Fertility Friend","IT",64,55,0.00976370200196915
"424","Fertility Friend","JM",1,3,0.000328191663931736
"425","Fertility Friend","JP",5,12,0.00139481457170988
"426","Fertility Friend","LK",1,11,0.000984574991795208
"427","Fertility Friend","LT",2,8,0.00082047915982934
"428","Fertility Friend","LV",1,2,0.000246143747948802
"429","Fertility Friend","MT",4,4,0.000656383327863472
"430","Fertility Friend","MX",14,13,0.00221529373153922
"431","Fertility Friend","MY",3,83,0.00705612077453233
"432","Fertility Friend","NL",41,50,0.007466360354447
"433","Fertility Friend","NZ",39,45,0.00689202494256646
"434","Fertility Friend","PE",1,4,0.00041023957991467
"435","Fertility Friend","PH",3,9,0.000984574991795208
"436","Fertility Friend","PK",1,4,0.00041023957991467
"437","Fertility Friend","PL",3,10,0.00106662290777814
"438","Fertility Friend","PT",5,6,0.000902527075812274
"439","Fertility Friend","QA",1,4,0.00041023957991467
"440","Fertility Friend","RO",6,12,0.00147686248769281
"441","Fertility Friend","RU",8,5,0.00106662290777814
"442","Fertility Friend","SA",2,4,0.000492287495897604
"443","Fertility Friend","SE",20,39,0.00484082704299311
"444","Fertility Friend","SG",14,31,0.00369215621923203
"445","Fertility Friend","SK",3,32,0.00287167705940269
"446","Fertility Friend","TH",22,64,0.00705612077453233
"447","Fertility Friend","TR",4,11,0.00123071873974401
"448","Fertility Friend","TW",3,5,0.000656383327863472
"449","Fertility Friend","US",3743,3844,0.622497538562521
"450","Fertility Friend","ZA",13,33,0.00377420413521497
"451","Maya","AE",12,104,0.00316879285382577
"452","Maya","AL",1,11,0.000327806157292321
"453","Maya","AR",97,574,0.0183298276285956
"454","Maya","AT",24,66,0.00245854617969241
"455","Maya","AU",24,112,0.00371513644931297
"456","Maya","AZ",1,13,0.000382440516841041
"457","Maya","BE",20,114,0.00366050208976425
"458","Maya","BG",1,15,0.000437074876389762
"459","Maya","BO",5,39,0.00120195591007184
"460","Maya","BR",1496,9683,0.305378752697571
"461","Maya","BY",13,71,0.00229464310104625
"462","Maya","CA",53,237,0.00792198213456443
"463","Maya","CH",29,135,0.00448001748299506
"464","Maya","CL",143,502,0.0176195809544623
"465","Maya","CO",75,405,0.0131122462916928
"466","Maya","CR",4,86,0.00245854617969241
"467","Maya","CY",1,6,0.000191220258420521
"468","Maya","CZ",3,37,0.0010926871909744
"469","Maya","DE",320,727,0.028601087223755
"470","Maya","DO",16,95,0.00303220695495397
"471","Maya","DZ",1,8,0.000245854617969241
"472","Maya","EC",21,172,0.0052722156964515
"473","Maya","EG",1,41,0.00114732155052312
"474","Maya","ES",145,548,0.0189308055836315
"475","Maya","FR",269,623,0.0243669243587292
"476","Maya","GB",74,240,0.00857759444914907
"477","Maya","GH",1,26,0.000737563853907723
"478","Maya","GR",4,22,0.000710246674133363
"479","Maya","GT",14,100,0.00311415849427705
"480","Maya","HK",9,45,0.00147512770781545
"481","Maya","HN",1,35,0.000983418471876964
"482","Maya","HR",3,42,0.0012292730898462
"483","Maya","HU",3,19,0.000600977955035922
"484","Maya","ID",35,139,0.00475318928073866
"485","Maya","IE",4,39,0.00117463873029748
"486","Maya","IL",3,18,0.000573660775261562
"487","Maya","IN",70,1008,0.0294479197967602
"488","Maya","IT",557,1759,0.063266588357418
"489","Maya","JM",1,4,0.0001365858988718
"490","Maya","JP",62,76,0.00376977080886169
"491","Maya","KG",1,8,0.000245854617969241
"492","Maya","KN",1,1,0.0000546343595487202
"493","Maya","KR",830,1307,0.0583768131778075
"494","Maya","KW",2,15,0.000464392056164122
"495","Maya","KZ",6,73,0.00215805720217445
"496","Maya","LT",1,20,0.000573660775261562
"497","Maya","LU",1,10,0.000300488977517961
"498","Maya","LV",1,24,0.000682929494359002
"499","Maya","MD",1,10,0.000300488977517961
"500","Maya","MK",1,11,0.000327806157292321
"501","Maya","MX",834,3472,0.117627776108395
"502","Maya","MY",36,181,0.00592782801103614
"503","Maya","NG",4,21,0.000682929494359002
"504","Maya","NI",1,17,0.000491709235938482
"505","Maya","NL",114,428,0.0148059114377032
"506","Maya","NP",1,4,0.0001365858988718
"507","Maya","NZ",2,29,0.000846832573005163
"508","Maya","PA",9,33,0.00114732155052312
"509","Maya","PE",42,307,0.00953369574125167
"510","Maya","PH",45,263,0.00841369137050291
"511","Maya","PL",16,68,0.00229464310104625
"512","Maya","PT",25,226,0.00685661212336438
"513","Maya","PY",10,51,0.00166634796623597
"514","Maya","RO",13,87,0.00273171797743601
"515","Maya","RU",886,1587,0.0675553855819925
"516","Maya","SA",7,49,0.00152976206736417
"517","Maya","SE",43,607,0.0177561668533341
"518","Maya","SG",18,53,0.00193951976397957
"519","Maya","SI",4,16,0.000546343595487202
"520","Maya","SK",2,8,0.000273171797743601
"521","Maya","SV",7,64,0.00193951976397957
"522","Maya","TH",4,27,0.000846832573005163
"523","Maya","TN",1,12,0.000355123337066681
"524","Maya","TR",6,65,0.00193951976397957
"525","Maya","TW",50,101,0.00412489414592837
"526","Maya","UA",47,341,0.0105990657524517
"527","Maya","US",441,1662,0.0574480290654793
"528","Maya","UY",9,57,0.00180293386510777
"529","Maya","VE",16,22,0.00103805283142568
"530","Maya","VN",4,45,0.00133854180894364
"531","Maya","ZA",9,62,0.00193951976397957
"532","Kindara","AE",5,11,0.00083629521220991
"533","Kindara","AR",8,23,0.0016203219736567
"534","Kindara","AT",6,18,0.00125444281831487
"535","Kindara","AU",532,579,0.0580702487978256
"536","Kindara","BE",14,21,0.00182939577670918
"537","Kindara","BG",1,4,0.000261342253815597
"538","Kindara","BO",1,2,0.000156805352289358
"539","Kindara","BR",51,134,0.00966966339117709
"540","Kindara","BW",1,1,0.000104536901526239
"541","Kindara","CA",890,873,0.0921492786953795
"542","Kindara","CH",24,41,0.00339744929960276
"543","Kindara","CL",13,36,0.00256115408739285
"544","Kindara","CO",11,25,0.0018816642274723
"545","Kindara","CR",1,19,0.00104536901526239
"546","Kindara","CZ",5,23,0.00146351662136734
"547","Kindara","DE",73,84,0.00820614676980974
"548","Kindara","DK",6,18,0.00125444281831487
"549","Kindara","EC",2,4,0.000313610704578716
"550","Kindara","EG",1,2,0.000156805352289358
"551","Kindara","ES",31,58,0.00465189211791762
"552","Kindara","FI",3,4,0.000365879155341836
"553","Kindara","FR",26,24,0.00261342253815597
"554","Kindara","GB",535,432,0.0505435918879364
"555","Kindara","GR",3,9,0.000627221409157433
"556","Kindara","HK",13,18,0.0016203219736567
"557","Kindara","HR",2,5,0.000365879155341836
"558","Kindara","HU",10,103,0.00590633493623249
"559","Kindara","ID",2,7,0.000470416056868074
"560","Kindara","IE",19,32,0.00266569098891909
"561","Kindara","IL",18,28,0.00240434873510349
"562","Kindara","IN",12,25,0.00193393267823542
"563","Kindara","IT",10,18,0.00146351662136734
"564","Kindara","JM",1,3,0.000209073803052478
"565","Kindara","JP",15,18,0.00172485887518294
"566","Kindara","KE",1,3,0.000209073803052478
"567","Kindara","KG",1,1,0.000104536901526239
"568","Kindara","KR",2,4,0.000313610704578716
"569","Kindara","KW",1,1,0.000104536901526239
"570","Kindara","KY",1,1,0.000104536901526239
"571","Kindara","LB",1,1,0.000104536901526239
"572","Kindara","LT",3,10,0.000679489859920552
"573","Kindara","LU",1,4,0.000261342253815597
"574","Kindara","LV",1,5,0.000313610704578716
"575","Kindara","MT",4,3,0.000365879155341836
"576","Kindara","MX",59,81,0.00731758310683671
"577","Kindara","MY",16,15,0.0016203219736567
"578","Kindara","NG",5,5,0.000522684507631194
"579","Kindara","NL",41,48,0.00465189211791762
"580","Kindara","NO",10,17,0.00141124817060422
"581","Kindara","NZ",66,77,0.00747438845912607
"582","Kindara","PA",1,5,0.000313610704578716
"583","Kindara","PE",1,3,0.000209073803052478
"584","Kindara","PH",5,17,0.00114990591678863
"585","Kindara","PL",15,29,0.00229981183357725
"586","Kindara","PT",14,115,0.0067426301484424
"587","Kindara","RO",5,11,0.00083629521220991
"588","Kindara","RU",6,6,0.000627221409157433
"589","Kindara","SA",3,5,0.000418147606104955
"590","Kindara","SE",17,22,0.00203846957976166
"591","Kindara","SG",17,24,0.00214300648128789
"592","Kindara","SI",1,5,0.000313610704578716
"593","Kindara","SK",1,9,0.000522684507631194
"594","Kindara","SV",1,2,0.000156805352289358
"595","Kindara","TH",4,12,0.00083629521220991
"596","Kindara","TN",1,1,0.000104536901526239
"597","Kindara","TR",3,7,0.000522684507631194
"598","Kindara","TW",8,8,0.00083629521220991
"599","Kindara","UA",2,6,0.000418147606104955
"600","Kindara","UG",1,2,0.000156805352289358
"601","Kindara","US",6722,6411,0.686441563872047
"602","Kindara","UY",2,9,0.000574952958394313
"603","Kindara","VN",1,8,0.000470416056868074
"604","Kindara","ZA",15,33,0.00250888563662973
"605","Ovia","AE",16,91,0.00307100625681649
"606","Ovia","AR",6,16,0.000631421847195913
"607","Ovia","AT",1,15,0.000459215888869755
"608","Ovia","AU",637,1215,0.0531542391366741
"609","Ovia","BE",7,35,0.00120544170828311
"610","Ovia","BG",2,11,0.000373112909706676
"611","Ovia","BH",1,9,0.000287009930543597
"612","Ovia","BN",2,5,0.000200906951380518
"613","Ovia","BR",31,43,0.00212387348602262
"614","Ovia","BS",1,14,0.000430514895815395
"615","Ovia","BY",1,3,0.000114803972217439
"616","Ovia","CA",609,1313,0.0551633086504793
"617","Ovia","CH",5,24,0.000832328798576431
"618","Ovia","CL",3,15,0.000516617874978474
"619","Ovia","CO",8,16,0.000688823833304632
"620","Ovia","CY",2,5,0.000200906951380518
"621","Ovia","CZ",5,20,0.000717524826358992
"622","Ovia","DE",27,78,0.00301360427070777
"623","Ovia","DK",16,34,0.00143504965271798
"624","Ovia","DO",4,13,0.000487916881924115
"625","Ovia","EC",4,10,0.000401813902761036
"626","Ovia","EG",3,16,0.000545318868032834
"627","Ovia","ES",16,45,0.00175076057631594
"628","Ovia","FI",8,12,0.000574019861087194
"629","Ovia","FR",21,54,0.00215257447907698
"630","Ovia","GB",1399,1973,0.0967797485793008
"631","Ovia","GR",1,13,0.000401813902761036
"632","Ovia","GT",3,9,0.000344411916652316
"633","Ovia","HK",3,14,0.000487916881924115
"634","Ovia","HN",1,2,0.000086102979163079
"635","Ovia","HR",2,17,0.000545318868032834
"636","Ovia","HU",3,16,0.000545318868032834
"637","Ovia","ID",32,30,0.0017794615693703
"638","Ovia","IE",51,152,0.00582630159003502
"639","Ovia","IL",10,46,0.00160725561104414
"640","Ovia","IN",37,267,0.00872510188852534
"641","Ovia","IS",1,23,0.000688823833304632
"642","Ovia","IT",19,52,0.00203777050685954
"643","Ovia","JM",2,21,0.000660122840250273
"644","Ovia","JP",10,32,0.00120544170828311
"645","Ovia","KE",1,28,0.000832328798576431
"646","Ovia","KN",1,2,0.000086102979163079
"647","Ovia","KR",1,6,0.000200906951380518
"648","Ovia","KW",3,4,0.000200906951380518
"649","Ovia","KZ",1,3,0.000114803972217439
"650","Ovia","LV",1,10,0.000315710923597956
"651","Ovia","MT",2,7,0.000258308937489237
"652","Ovia","MU",1,3,0.000114803972217439
"653","Ovia","MX",73,118,0.0054818896733827
"654","Ovia","MY",23,62,0.00243958440962057
"655","Ovia","MZ",1,4,0.000143504965271798
"656","Ovia","NG",14,79,0.00266919235405545
"657","Ovia","NL",26,74,0.00287009930543597
"658","Ovia","NO",15,54,0.00198036852075082
"659","Ovia","NZ",88,244,0.00952872969404741
"660","Ovia","PA",2,10,0.000344411916652316
"661","Ovia","PE",3,17,0.000574019861087194
"662","Ovia","PH",92,235,0.00938522472877562
"663","Ovia","PK",3,51,0.00154985362493542
"664","Ovia","PL",10,29,0.00111933872912003
"665","Ovia","PT",6,32,0.00109063773606567
"666","Ovia","RO",10,53,0.00180816256242466
"667","Ovia","SA",2,27,0.000832328798576431
"668","Ovia","SC",1,1,0.0000574019861087194
"669","Ovia","SE",16,39,0.00157855461798978
"670","Ovia","SG",24,55,0.00226737845129441
"671","Ovia","SI",2,18,0.000574019861087194
"672","Ovia","TH",5,15,0.000574019861087194
"673","Ovia","TR",8,44,0.0014924516388267
"674","Ovia","TT",1,22,0.000660122840250273
"675","Ovia","TW",1,2,0.000086102979163079
"676","Ovia","TZ",1,4,0.000143504965271798
"677","Ovia","UA",2,9,0.000315710923597956
"678","Ovia","US",2500,21336,0.684116870443717
"679","Ovia","ZA",58,358,0.0119396131106136
"680","OvaGraph","AR",1,1,0.00134408602150538
"681","OvaGraph","AU",21,23,0.0295698924731183
"682","OvaGraph","BR",2,6,0.00537634408602151
"683","OvaGraph","BZ",1,1,0.00134408602150538
"684","OvaGraph","CA",38,70,0.0725806451612903
"685","OvaGraph","CL",1,2,0.00201612903225806
"686","OvaGraph","CO",1,3,0.00268817204301075
"687","OvaGraph","DO",1,1,0.00134408602150538
"688","OvaGraph","HK",1,2,0.00201612903225806
"689","OvaGraph","MX",4,9,0.00873655913978495
"690","OvaGraph","NZ",2,6,0.00537634408602151
"691","OvaGraph","PH",1,2,0.00201612903225806
"692","OvaGraph","RU",1,1,0.00134408602150538
"693","OvaGraph","SA",1,1,0.00134408602150538
"694","OvaGraph","TC",1,1,0.00134408602150538
"695","OvaGraph","TH",1,1,0.00134408602150538
"696","OvaGraph","TT",1,3,0.00268817204301075
"697","OvaGraph","US",499,774,0.855510752688172
"698","OvaGraph","ZA",1,2,0.00201612903225806
"699","GLOW","AE",31,239,0.00292946499289333
"700","GLOW","AL",2,21,0.000249547017913136
"701","GLOW","AO",2,7,0.0000976488330964445
"702","GLOW","AR",6,51,0.000618442609610815
"703","GLOW","AT",8,22,0.000325496110321482
"704","GLOW","AU",342,1667,0.0217973895211952
"705","GLOW","BE",12,83,0.00103073768268469
"706","GLOW","BG",1,26,0.000292946499289333
"707","GLOW","BH",1,25,0.000282096628945284
"708","GLOW","BN",1,4,0.0000542493517202469
"709","GLOW","BR",112,374,0.005273036987208
"710","GLOW","BS",4,22,0.000282096628945284
"711","GLOW","BY",4,5,0.0000976488330964445
"712","GLOW","CA",614,3228,0.0416852018618378
"713","GLOW","CG",1,2,0.0000325496110321482
"714","GLOW","CH",9,90,0.00107413716406089
"715","GLOW","CL",10,39,0.00053164364685842
"716","GLOW","CO",19,70,0.000965638460620396
"717","GLOW","CR",2,23,0.000271246758601235
"718","GLOW","CY",3,15,0.000195297666192889
"719","GLOW","CZ",2,36,0.000412295073073877
"720","GLOW","DE",40,154,0.00210487484674558
"721","GLOW","DK",5,53,0.000629292479954865
"722","GLOW","DO",9,51,0.000650992220642963
"723","GLOW","EC",4,38,0.000455694554450074
"724","GLOW","EE",2,43,0.000488244165482222
"725","GLOW","EG",3,51,0.000585892998578667
"726","GLOW","ES",29,99,0.00138878340403832
"727","GLOW","FI",3,31,0.000368895591697679
"728","GLOW","FR",39,137,0.00190957718055269
"729","GLOW","GB",1249,6164,0.0804300888604381
"730","GLOW","GH",6,181,0.00202892575433724
"731","GLOW","GR",6,65,0.000770340794427507
"732","GLOW","GT",3,27,0.000325496110321482
"733","GLOW","GY",1,11,0.000130198444128593
"734","GLOW","HK",10,84,0.00101988781234064
"735","GLOW","HN",4,8,0.000130198444128593
"736","GLOW","HR",8,55,0.000683541831675111
"737","GLOW","ID",27,155,0.00197467640261699
"738","GLOW","IE",42,214,0.00277756680807664
"739","GLOW","IL",15,79,0.00101988781234064
"740","GLOW","IN",60,438,0.0054032354313366
"741","GLOW","IS",3,27,0.000325496110321482
"742","GLOW","IT",38,160,0.00214827432812178
"743","GLOW","JM",5,77,0.00088968936821205
"744","GLOW","JO",2,14,0.00017359792550479
"745","GLOW","JP",8,57,0.00070524157236321
"746","GLOW","KE",3,77,0.000867989627523951
"747","GLOW","KN",1,3,0.0000433994813761976
"748","GLOW","KR",4,25,0.000314646239977432
"749","GLOW","KW",2,26,0.000303796369633383
"750","GLOW","KZ",2,8,0.000108498703440494
"751","GLOW","LB",3,37,0.000433994813761976
"752","GLOW","LK",1,17,0.000195297666192889
"753","GLOW","LT",2,27,0.000314646239977432
"754","GLOW","LV",1,19,0.000216997406880988
"755","GLOW","MT",1,13,0.000151898184816691
"756","GLOW","MU",1,10,0.000119348573784543
"757","GLOW","MX",81,254,0.00363470656525655
"758","GLOW","MY",29,166,0.00211572471708963
"759","GLOW","NG",29,313,0.00371065565766489
"760","GLOW","NL",40,198,0.00258226914188375
"761","GLOW","NO",8,53,0.000661842090987013
"762","GLOW","NP",1,9,0.000108498703440494
"763","GLOW","NZ",51,214,0.00287521564117309
"764","GLOW","OM",2,21,0.000249547017913136
"765","GLOW","PA",2,13,0.000162748055160741
"766","GLOW","PE",4,26,0.000325496110321482
"767","GLOW","PH",40,263,0.00328751071424696
"768","GLOW","PK",2,58,0.000650992220642963
"769","GLOW","PL",11,85,0.00104158755302874
"770","GLOW","PT",12,104,0.00125858495990973
"771","GLOW","PW",1,1,0.0000216997406880988
"772","GLOW","QA",2,31,0.00035804572135363
"773","GLOW","RO",17,159,0.00190957718055269
"774","GLOW","RU",41,76,0.00126943483025378
"775","GLOW","SA",11,112,0.00133453405231807
"776","GLOW","SE",36,91,0.00137793353369427
"777","GLOW","SG",40,229,0.00291861512254929
"778","GLOW","SI",3,16,0.000206147536536938
"779","GLOW","SK",1,27,0.000303796369633383
"780","GLOW","TC",1,4,0.0000542493517202469
"781","GLOW","TH",13,61,0.000802890405459655
"782","GLOW","TR",5,91,0.00104158755302874
"783","GLOW","TT",7,60,0.000726941313051309
"784","GLOW","TW",10,17,0.000292946499289333
"785","GLOW","TZ",2,38,0.000433994813761976
"786","GLOW","UA",10,22,0.00034719585100958
"787","GLOW","UG",2,20,0.000238697147569087
"788","GLOW","US",13353,57374,0.767378779823581
"789","GLOW","UY",3,8,0.000119348573784543
"790","GLOW","VE",4,9,0.000141048314472642
"791","GLOW","VN",3,27,0.000325496110321482
"792","GLOW","ZA",47,377,0.00460034502587694
"793","GLOW","ZM",1,3,0.0000433994813761976
"794","Clue","AE",67,3033,0.00223385266804877
"795","Clue","AI",1,19,0.0000144119526970889
"796","Clue","AL",7,349,0.000256532758008182
"797","Clue","AM",4,279,0.000203929130663807
"798","Clue","AO",6,335,0.000245723793485365
"799","Clue","AR",454,21201,0.015604541782773
"800","Clue","AT",294,8218,0.00613372706788102
"801","Clue","AU",1685,32080,0.0243309791408603
"802","Clue","AZ",6,327,0.000239959012406529
"803","Clue","BB",1,82,0.0000598096036929188
"804","Clue","BE",219,7732,0.00572947179472768
"805","Clue","BF",2,52,0.0000389122722821399
"806","Clue","BG",25,800,0.000594493048754915
"807","Clue","BH",4,263,0.000192399568506136
"808","Clue","BM",2,28,0.0000216179290456333
"809","Clue","BN",2,62,0.0000461182486306843
"810","Clue","BO",10,850,0.000619713965974821
"811","Clue","BR",5592,123211,0.0928151371621568
"812","Clue","BS",5,90,0.0000684567753111721
"813","Clue","BY",25,1739,0.00127113422788324
"814","Clue","BZ",2,53,0.0000396328699169944
"815","Clue","CA",2774,43478,0.0333290818072877
"816","Clue","CH",453,17528,0.0129570660723177
"817","Clue","CL",461,13961,0.0103924590898708
"818","Clue","CO",711,27289,0.0201767337759244
"819","Clue","CR",64,3331,0.00244642897033083
"820","Clue","CY",6,198,0.000147001917510306
"821","Clue","CZ",49,1722,0.00127617841132722
"822","Clue","DE",3146,66325,0.050060638290973
"823","Clue","DK",859,19065,0.0143571872768399
"824","Clue","DO",77,3749,0.0027570065509531
"825","Clue","DZ",4,569,0.000412902444771596
"826","Clue","EC",162,7938,0.00583684084232099
"827","Clue","EE",14,1043,0.000761671700041146
"828","Clue","EG",24,1016,0.000749421540248621
"829","Clue","ES",1221,48110,0.0355478019250045
"830","Clue","FI",134,3510,0.00262585778140959
"831","Clue","FR",3115,120163,0.088833835229586
"832","Clue","GB",4536,81857,0.0622545914679799
"833","Clue","GD",1,25,0.0000187355385062155
"834","Clue","GH",11,309,0.000230591243153422
"835","Clue","GR",24,791,0.000587287072406371
"836","Clue","GT",74,3348,0.0024658851064719
"837","Clue","HK",132,4373,0.00324629234501927
"838","Clue","HN",35,1183,0.000877687919252711
"839","Clue","HR",26,883,0.000655023250082689
"840","Clue","HU",41,1198,0.000892820469584655
"841","Clue","ID",198,3964,0.00299912735626419
"842","Clue","IE",285,6288,0.00473648825389825
"843","Clue","IL",69,2621,0.00193840763775845
"844","Clue","IN",149,8044,0.00590385642236245
"845","Clue","IS",18,769,0.000567110338630447
"846","Clue","IT",1199,37988,0.0282380595170411
"847","Clue","JM",9,266,0.000198164349584972
"848","Clue","JO",9,487,0.000357416426887804
"849","Clue","JP",739,13571,0.0103117521547671
"850","Clue","KE",7,607,0.000442446947800628
"851","Clue","KG",4,218,0.000159972674937686
"852","Clue","KR",611,13050,0.00984408428974654
"853","Clue","KW",19,554,0.000412902444771596
"854","Clue","KZ",27,2393,0.00174384627634775
"855","Clue","LB",11,540,0.000397049296804798
"856","Clue","LK",3,285,0.00020753211883808
"857","Clue","LT",26,1674,0.00122501597925255
"858","Clue","LU",20,968,0.00071195046323619
"859","Clue","LV",29,1242,0.000915879593899997
"860","Clue","MD",6,319,0.000234194231327694
"861","Clue","MG",1,50,0.0000367504793775766
"862","Clue","MK",3,124,0.0000915158996265142
"863","Clue","MN",2,184,0.000134031160082926
"864","Clue","MO",2,197,0.000143398929336034
"865","Clue","MR",1,21,0.0000158531479667977
"866","Clue","MT",2,236,0.000171502237095357
"867","Clue","MU",2,134,0.0000980012783402042
"868","Clue","MW",1,11,0.00000864717161825331
"869","Clue","MX",4322,138274,0.102754340339704
"870","Clue","MY",182,3157,0.00240607550277898
"871","Clue","MZ",3,101,0.0000749421540248621
"872","Clue","NG",23,712,0.000529639261618015
"873","Clue","NI",12,509,0.000375431367759165
"874","Clue","NL",318,6750,0.0050931840831512
"875","Clue","NO",147,3057,0.00230879482207364
"876","Clue","NP",1,109,0.0000792657398339887
"877","Clue","NZ",355,6212,0.00473216466808913
"878","Clue","OM",6,298,0.000219061680995751
"879","Clue","PA",30,1694,0.00124231032248906
"880","Clue","PE",198,9567,0.00703663590435363
"881","Clue","PH",318,6202,0.00469829657925097
"882","Clue","PK",15,674,0.000496491770414711
"883","Clue","PL",171,6066,0.00449436744858716
"884","Clue","PT",208,9354,0.00689035458447818
"885","Clue","PY",10,1027,0.000747259747344057
"886","Clue","QA",8,481,0.000352372243443823
"887","Clue","RO",62,2245,0.0016624187436092
"888","Clue","RU",1365,34877,0.0261158994823947
"889","Clue","SA",82,2541,0.0018901275962232
"890","Clue","SE",444,8529,0.00646592257754892
"891","Clue","SG",179,3166,0.00241039908858811
"892","Clue","SI",16,748,0.000550536593028794
"893","Clue","SK",22,810,0.000599537232198896
"894","Clue","SN",2,280,0.000203208533028953
"895","Clue","SV",20,1624,0.0011846625117007
"896","Clue","TH",76,1904,0.0014267833170118
"897","Clue","TN",8,289,0.00021401749755177
"898","Clue","TR",155,5449,0.0040382291457243
"899","Clue","TT",6,392,0.000286797858672068
"900","Clue","TW",371,7823,0.00590457701999731
"901","Clue","UA",106,5654,0.00415064237676159
"902","Clue","UG",3,96,0.0000713391658505898
"903","Clue","US",18229,276670,0.21250352192094
"904","Clue","UY",53,2832,0.00207892417655507
"905","Clue","VE",116,2408,0.00181878843037261
"906","Clue","VG",1,11,0.00000864717161825331
"907","Clue","VN",83,1951,0.00146569558929394
"908","Clue","ZA",158,4648,0.00346319223311045
"909","Clue","ZW",1,72,0.0000526036273443743
"910","Period Tracker","AE",38,56,0.00191434331914547
"911","Period Tracker","AL",1,4,0.000101826772294972
"912","Period Tracker","AO",1,1,0.0000407307089179887
"913","Period Tracker","AR",14,2,0.00032584567134391
"914","Period Tracker","AT",8,4,0.000244384253507932
"915","Period Tracker","AU",1222,297,0.0309349734232124
"916","Period Tracker","AZ",1,2,0.0000610960633769831
"917","Period Tracker","BB",4,4,0.000162922835671955
"918","Period Tracker","BE",13,5,0.000366576380261898
"919","Period Tracker","BG",9,7,0.00032584567134391
"920","Period Tracker","BH",2,4,0.000122192126753966
"921","Period Tracker","BM",1,2,0.0000610960633769831
"922","Period Tracker","BR",41,7,0.000977537014031729
"923","Period Tracker","BS",5,6,0.000224018899048938
"924","Period Tracker","BY",1,1,0.0000407307089179887
"925","Period Tracker","CA",1782,424,0.0449259719365416
"926","Period Tracker","CH",11,9,0.000407307089179887
"927","Period Tracker","CL",12,7,0.000386941734720893
"928","Period Tracker","CO",12,2,0.000285114962425921
"929","Period Tracker","CR",8,4,0.000244384253507932
"930","Period Tracker","CY",6,2,0.000162922835671955
"931","Period Tracker","CZ",3,6,0.000183288190130949
"932","Period Tracker","DE",58,11,0.00140520945767061
"933","Period Tracker","DK",14,5,0.000386941734720893
"934","Period Tracker","DO",9,1,0.000203653544589944
"935","Period Tracker","DZ",2,2,0.0000814614178359774
"936","Period Tracker","EC",6,3,0.000183288190130949
"937","Period Tracker","EG",14,15,0.000590595279310836
"938","Period Tracker","ES",22,6,0.000570229924851842
"939","Period Tracker","FI",12,8,0.000407307089179887
"940","Period Tracker","FR",32,5,0.000753518114982791
"941","Period Tracker","GB",1570,322,0.0385312506364173
"942","Period Tracker","GH",3,4,0.000142557481212961
"943","Period Tracker","GR",17,7,0.000488768507015865
"944","Period Tracker","GT",2,3,0.000101826772294972
"945","Period Tracker","GY",1,2,0.0000610960633769831
"946","Period Tracker","HK",16,8,0.000488768507015865
"947","Period Tracker","HN",2,1,0.0000610960633769831
"948","Period Tracker","HR",12,4,0.00032584567134391
"949","Period Tracker","HU",3,4,0.000142557481212961
"950","Period Tracker","ID",64,14,0.00158849764780156
"951","Period Tracker","IE",57,15,0.00146630552104759
"952","Period Tracker","IL",7,7,0.000285114962425921
"953","Period Tracker","IN",23,52,0.00152740158442458
"954","Period Tracker","IS",3,4,0.000142557481212961
"955","Period Tracker","IT",33,3,0.000733152760523797
"956","Period Tracker","JM",3,8,0.000224018899048938
"957","Period Tracker","JO",4,9,0.000264749607966927
"958","Period Tracker","JP",16,3,0.000386941734720893
"959","Period Tracker","KE",3,5,0.000162922835671955
"960","Period Tracker","KG",1,2,0.0000610960633769831
"961","Period Tracker","KH",1,2,0.0000610960633769831
"962","Period Tracker","KN",1,1,0.0000407307089179887
"963","Period Tracker","KR",11,4,0.000305480316884915
"964","Period Tracker","KW",4,10,0.000285114962425921
"965","Period Tracker","LB",4,8,0.000244384253507932
"966","Period Tracker","LK",2,5,0.000142557481212961
"967","Period Tracker","LT",1,5,0.000122192126753966
"968","Period Tracker","LV",1,2,0.0000610960633769831
"969","Period Tracker","MN",6,5,0.000224018899048938
"970","Period Tracker","MO",2,3,0.000101826772294972
"971","Period Tracker","MT",1,2,0.0000610960633769831
"972","Period Tracker","MU",1,3,0.0000814614178359774
"973","Period Tracker","MW",2,1,0.0000610960633769831
"974","Period Tracker","MX",186,41,0.00462293546219172
"975","Period Tracker","MY",184,66,0.00509133861474859
"976","Period Tracker","NG",10,5,0.000305480316884915
"977","Period Tracker","NL",67,10,0.00156813229334257
"978","Period Tracker","NO",26,4,0.000610960633769831
"979","Period Tracker","NP",1,5,0.000122192126753966
"980","Period Tracker","NZ",152,28,0.00366576380261898
"981","Period Tracker","OM",1,2,0.0000610960633769831
"982","Period Tracker","PA",2,5,0.000142557481212961
"983","Period Tracker","PE",2,3,0.000101826772294972
"984","Period Tracker","PH",154,48,0.00411380160071686
"985","Period Tracker","PK",5,12,0.000346211025802904
"986","Period Tracker","PL",17,6,0.00046840315255687
"987","Period Tracker","PT",7,2,0.000183288190130949
"988","Period Tracker","RO",27,17,0.000896075596195752
"989","Period Tracker","RU",43,17,0.00122192126753966
"990","Period Tracker","SA",23,47,0.00142557481212961
"991","Period Tracker","SC",1,1,0.0000407307089179887
"992","Period Tracker","SE",156,21,0.003604667739242
"993","Period Tracker","SG",194,25,0.00446001262651976
"994","Period Tracker","SI",1,5,0.000122192126753966
"995","Period Tracker","SK",2,8,0.000203653544589944
"996","Period Tracker","SN",1,1,0.0000407307089179887
"997","Period Tracker","SV",3,3,0.000122192126753966
"998","Period Tracker","TC",1,2,0.0000610960633769831
"999","Period Tracker","TH",23,7,0.000610960633769831
"1000","Period Tracker","TR",29,17,0.00093680630511374
"1001","Period Tracker","TT",13,9,0.000448037798097876
"1002","Period Tracker","TW",22,12,0.000692422051605808
"1003","Period Tracker","TZ",1,1,0.0000407307089179887
"1004","Period Tracker","UA",11,7,0.000366576380261898
"1005","Period Tracker","US",33458,7016,0.824267356373338
"1006","Period Tracker","VE",2,1,0.0000610960633769831
"1007","Period Tracker","VN",34,23,0.00116082520416268
"1008","Period Tracker","YE",1,1,0.0000407307089179887
"1009","Period Tracker","ZA",49,32,0.00164959371117854
"1010","Period Tracker","ZW",2,1,0.0000610960633769831
"1011","Natural Cycles","AE",1,12,0.000481249768629919
"1012","Natural Cycles","AR",2,22,0.000888461111316773
"1013","Natural Cycles","AT",7,60,0.00248028726909266
"1014","Natural Cycles","AU",110,1044,0.0427201717691482
"1015","Natural Cycles","BE",4,89,0.0034427868063525
"1016","Natural Cycles","BG",1,4,0.000185096064857661
"1017","Natural Cycles","BR",181,549,0.0270240254692185
"1018","Natural Cycles","CA",151,1258,0.0521600710768889
"1019","Natural Cycles","CH",16,131,0.00544182430681524
"1020","Natural Cycles","CL",4,24,0.0010365379632029
"1021","Natural Cycles","CO",4,25,0.00107355717617443
"1022","Natural Cycles","CR",3,21,0.000888461111316773
"1023","Natural Cycles","CZ",2,43,0.00166586458371895
"1024","Natural Cycles","DE",51,331,0.0141413393551253
"1025","Natural Cycles","DK",54,300,0.0131048013919224
"1026","Natural Cycles","EC",1,6,0.000259134490800726
"1027","Natural Cycles","EE",3,20,0.000851441898345241
"1028","Natural Cycles","ES",18,99,0.00433124791766927
"1029","Natural Cycles","FI",19,222,0.00892163032613927
"1030","Natural Cycles","FR",36,171,0.00766297708510717
"1031","Natural Cycles","GB",755,7303,0.298300818124607
"1032","Natural Cycles","GR",1,2,0.000111057638914597
"1033","Natural Cycles","HK",1,13,0.000518268981601451
"1034","Natural Cycles","HU",1,33,0.0012586532410321
"1035","Natural Cycles","IE",13,176,0.00699663125161959
"1036","Natural Cycles","IL",2,32,0.0012586532410321
"1037","Natural Cycles","IS",3,25,0.0010365379632029
"1038","Natural Cycles","IT",9,40,0.00181394143560508
"1039","Natural Cycles","MX",8,61,0.00255432569503572
"1040","Natural Cycles","NL",38,385,0.0156591270869581
"1041","Natural Cycles","NO",45,363,0.0151038388923851
"1042","Natural Cycles","NZ",19,106,0.00462740162144153
"1043","Natural Cycles","PE",1,11,0.000444230555658387
"1044","Natural Cycles","PL",5,21,0.000962499537259838
"1045","Natural Cycles","PT",8,82,0.0033317291674379
"1046","Natural Cycles","PY",1,2,0.000111057638914597
"1047","Natural Cycles","RU",3,15,0.00066634583348758
"1048","Natural Cycles","SA",1,4,0.000185096064857661
"1049","Natural Cycles","SE",955,4109,0.187465294487839
"1050","Natural Cycles","SG",1,15,0.000592307407544516
"1051","Natural Cycles","SV",1,2,0.000111057638914597
"1052","Natural Cycles","TR",2,11,0.000481249768629919
"1053","Natural Cycles","US",798,6363,0.265094584089142
"1054","Natural Cycles","ZA",6,63,0.00255432569503572
"1055","FEMM","AE",1,12,0.00277718436231574
"1056","FEMM","AL",2,5,0.00149540696432386
"1057","FEMM","AR",2,65,0.0143131809442427
"1058","FEMM","AT",1,14,0.00320444349497971
"1059","FEMM","AU",6,64,0.0149540696432386
"1060","FEMM","BB",1,1,0.000427259132663961
"1061","FEMM","BR",6,211,0.0463576158940397
"1062","FEMM","CA",23,172,0.0416577654347362
"1063","FEMM","CL",5,346,0.0749839777825251
"1064","FEMM","DE",2,22,0.00512710959196753
"1065","FEMM","EC",1,37,0.00811792352061525
"1066","FEMM","EE",1,3,0.000854518265327921
"1067","FEMM","ES",3,75,0.0166631061738945
"1068","FEMM","FR",6,90,0.0205084383678701
"1069","FEMM","GB",4,81,0.0181585131382183
"1070","FEMM","HR",3,33,0.00769066438795129
"1071","FEMM","ID",1,11,0.00256355479598376
"1072","FEMM","JM",1,5,0.00128177739799188
"1073","FEMM","JP",1,3,0.000854518265327921
"1074","FEMM","KE",3,21,0.00512710959196753
"1075","FEMM","LV",1,2,0.000640888698995941
"1076","FEMM","MX",6,324,0.0704977568895535
"1077","FEMM","MY",1,21,0.00469985045930357
"1078","FEMM","NG",4,34,0.00811792352061525
"1079","FEMM","NL",2,17,0.00405896176030763
"1080","FEMM","NO",1,4,0.0010681478316599
"1081","FEMM","NZ",1,19,0.00427259132663961
"1082","FEMM","PE",4,73,0.0164494766075625
"1083","FEMM","PH",12,95,0.0228583635975219
"1084","FEMM","PK",2,34,0.00769066438795129
"1085","FEMM","PL",2,19,0.00448622089297159
"1086","FEMM","PT",2,36,0.00811792352061525
"1087","FEMM","PY",1,18,0.00405896176030763
"1088","FEMM","SG",1,8,0.00192266609698782
"1089","FEMM","SV",1,19,0.00427259132663961
"1090","FEMM","UG",1,5,0.00128177739799188
"1091","FEMM","US",283,2114,0.512070070497757
"1092","FEMM","UY",1,45,0.0098269600512711
"1093","FEMM","ZA",3,121,0.0264900662251656
"1094","Eve Period Tracker","AE",14,385,0.00275960328109222
"1095","Eve Period Tracker","AO",2,41,0.00029740085485455
"1096","Eve Period Tracker","AR",11,475,0.00336132128975143
"1097","Eve Period Tracker","AT",5,50,0.00038039644225582
"1098","Eve Period Tracker","AU",488,4471,0.0342979264935748
"1099","Eve Period Tracker","BB",3,30,0.000228237865353492
"1100","Eve Period Tracker","BE",1,103,0.000719295090811005
"1101","Eve Period Tracker","BG",6,74,0.000553303916008466
"1102","Eve Period Tracker","BH",1,48,0.000338898648555185
"1103","Eve Period Tracker","BO",1,29,0.000207488968503175
"1104","Eve Period Tracker","BR",109,782,0.00616242236454429
"1105","Eve Period Tracker","BY",2,26,0.000193656370602963
"1106","Eve Period Tracker","CA",509,4394,0.0339106137523688
"1107","Eve Period Tracker","CH",3,120,0.000850704770863016
"1108","Eve Period Tracker","CL",19,233,0.00174290733542667
"1109","Eve Period Tracker","CO",19,531,0.0038039644225582
"1110","Eve Period Tracker","CR",2,152,0.0010651100383163
"1111","Eve Period Tracker","CY",1,23,0.00016599117480254
"1112","Eve Period Tracker","CZ",2,55,0.000394229040156032
"1113","Eve Period Tracker","DE",18,239,0.0017774888301772
"1114","Eve Period Tracker","DK",12,44,0.000387312741205926
"1115","Eve Period Tracker","DM",1,8,0.0000622466905509524
"1116","Eve Period Tracker","DO",8,303,0.00215096897348291
"1117","Eve Period Tracker","EC",5,292,0.00205414078818143
"1118","Eve Period Tracker","EE",2,60,0.000428810534906561
"1119","Eve Period Tracker","EG",3,257,0.00179823772702751
"1120","Eve Period Tracker","ES",25,489,0.00355497766035439
"1121","Eve Period Tracker","FR",13,310,0.00223396456088418
"1122","Eve Period Tracker","GB",685,7254,0.0549084973648901
"1123","Eve Period Tracker","GH",2,282,0.00196422890183005
"1124","Eve Period Tracker","GR",1,49,0.000345814947505291
"1125","Eve Period Tracker","GT",1,113,0.000788458080312063
"1126","Eve Period Tracker","GY",1,21,0.000152158576902328
"1127","Eve Period Tracker","HK",5,105,0.00076079288451164
"1128","Eve Period Tracker","HN",1,55,0.000387312741205926
"1129","Eve Period Tracker","HR",5,107,0.000774625482411852
"1130","Eve Period Tracker","HU",3,54,0.000394229040156032
"1131","Eve Period Tracker","ID",8,374,0.00264202619894042
"1132","Eve Period Tracker","IE",31,435,0.00322299531074931
"1133","Eve Period Tracker","IL",4,93,0.000670880998160265
"1134","Eve Period Tracker","IN",8,494,0.00347198207295312
"1135","Eve Period Tracker","IS",1,22,0.000159074875852434
"1136","Eve Period Tracker","IT",9,148,0.00108585893516661
"1137","Eve Period Tracker","JM",3,123,0.000871453667713333
"1138","Eve Period Tracker","JO",1,60,0.000421894235956455
"1139","Eve Period Tracker","JP",6,85,0.00062938320445963
"1140","Eve Period Tracker","KE",4,246,0.00172907473752645
"1141","Eve Period Tracker","KR",1,44,0.000311233452754762
"1142","Eve Period Tracker","KW",2,71,0.000504889823357725
"1143","Eve Period Tracker","KY",2,19,0.000145242277952222
"1144","Eve Period Tracker","KZ",2,38,0.000276651958004233
"1145","Eve Period Tracker","LB",5,67,0.000497973524407619
"1146","Eve Period Tracker","LK",1,71,0.000497973524407619
"1147","Eve Period Tracker","LT",4,62,0.000456475730706984
"1148","Eve Period Tracker","LU",2,12,0.0000968281853014815
"1149","Eve Period Tracker","LV",1,49,0.000345814947505291
"1150","Eve Period Tracker","MN",2,31,0.000228237865353492
"1151","Eve Period Tracker","MT",2,26,0.000193656370602963
"1152","Eve Period Tracker","MX",157,2799,0.0204445796965128
"1153","Eve Period Tracker","MY",11,402,0.0028564314663937
"1154","Eve Period Tracker","NG",3,386,0.00269044029159116
"1155","Eve Period Tracker","NI",3,18,0.000145242277952222
"1156","Eve Period Tracker","NL",5,254,0.00179132142807741
"1157","Eve Period Tracker","NO",4,69,0.000504889823357725
"1158","Eve Period Tracker","NZ",75,575,0.00449559431756878
"1159","Eve Period Tracker","OM",1,33,0.000235154164303598
"1160","Eve Period Tracker","PA",7,100,0.000740043987661323
"1161","Eve Period Tracker","PE",9,223,0.00160458135642455
"1162","Eve Period Tracker","PH",30,680,0.00491057225457513
"1163","Eve Period Tracker","PK",1,132,0.000919867760364074
"1164","Eve Period Tracker","PL",8,95,0.000712378791860899
"1165","Eve Period Tracker","PT",5,252,0.0017774888301772
"1166","Eve Period Tracker","PY",1,46,0.000325066050654974
"1167","Eve Period Tracker","RO",7,183,0.00131409680052011
"1168","Eve Period Tracker","RU",18,219,0.00163916285117508
"1169","Eve Period Tracker","SA",5,521,0.00363797324775566
"1170","Eve Period Tracker","SE",11,146,0.00108585893516661
"1171","Eve Period Tracker","SG",5,177,0.00125876640891926
"1172","Eve Period Tracker","SI",3,40,0.00029740085485455
"1173","Eve Period Tracker","SK",1,29,0.000207488968503175
"1174","Eve Period Tracker","TH",2,102,0.000719295090811005
"1175","Eve Period Tracker","TN",1,17,0.000124493381101905
"1176","Eve Period Tracker","TR",19,590,0.00421202606061444
"1177","Eve Period Tracker","TT",9,84,0.000643215802359841
"1178","Eve Period Tracker","TW",34,222,0.00177057253122709
"1179","Eve Period Tracker","TZ",3,93,0.000663964699210159
"1180","Eve Period Tracker","UA",5,91,0.000663964699210159
"1181","Eve Period Tracker","US",9267,98143,0.742879670230866
"1182","Eve Period Tracker","UY",1,91,0.000636299503409735
"1183","Eve Period Tracker","UZ",2,6,0.0000553303916008466
"1184","Eve Period Tracker","VE",3,92,0.000657048400260053
"1185","Eve Period Tracker","ZA",31,1147,0.00814740016322466
"1186","Eve Period Tracker","ZW",1,59,0.000414977937006349
"1187","Ovulation Calculator","AE",1,87,0.00992108229988726
"1188","Ovulation Calculator","AU",22,181,0.0228861330326945
"1189","Ovulation Calculator","BR",3,9,0.00135287485907554
"1190","Ovulation Calculator","CA",22,334,0.0401352874859076
"1191","Ovulation Calculator","DE",1,22,0.00259301014656144
"1192","Ovulation Calculator","GB",201,1607,0.203833145434047
"1193","Ovulation Calculator","GY",1,3,0.000450958286358512
"1194","Ovulation Calculator","IE",1,36,0.00417136414881623
"1195","Ovulation Calculator","IN",10,273,0.0319052987598647
"1196","Ovulation Calculator","IT",1,11,0.00135287485907554
"1197","Ovulation Calculator","JM",1,21,0.00248027057497182
"1198","Ovulation Calculator","LB",1,18,0.00214205186020293
"1199","Ovulation Calculator","MY",1,29,0.00338218714768884
"1200","Ovulation Calculator","NG",18,339,0.0402480270574972
"1201","Ovulation Calculator","PH",1,95,0.0108229988726043
"1202","Ovulation Calculator","PK",2,50,0.00586245772266065
"1203","Ovulation Calculator","RO",1,39,0.00450958286358512
"1204","Ovulation Calculator","RU",1,4,0.00056369785794814
"1205","Ovulation Calculator","SA",2,28,0.00338218714768884
"1206","Ovulation Calculator","SE",1,14,0.00169109357384442
"1207","Ovulation Calculator","US",478,4703,0.584103720405862
"1208","Ovulation Calculator","ZA",9,188,0.0222096956031567
"1209","Flo","AE",137,9574,0.00348410678997197
"1210","Flo","AG",2,170,0.0000617100574477581
"1211","Flo","AI",2,87,0.0000319313669351772
"1212","Flo","AL",31,4591,0.00165827840420662
"1213","Flo","AM",18,4077,0.00146920165842192
"1214","Flo","AO",29,3064,0.00110970469584835
"1215","Flo","AR",347,22302,0.00812599471589694
"1216","Flo","AT",223,11311,0.00413816164303746
"1217","Flo","AU",1154,56322,0.0206212050108567
"1218","Flo","AZ",59,3871,0.00141000305680052
"1219","Flo","BB",4,444,0.000160733172887184
"1220","Flo","BE",175,12536,0.00456044500127008
"1221","Flo","BF",5,888,0.00032039000756307
"1222","Flo","BG",17,1879,0.000680245749540404
"1223","Flo","BH",10,1064,0.000385329079644722
"1224","Flo","BJ",4,803,0.000289534978839191
"1225","Flo","BN",3,208,0.0000757024541946335
"1226","Flo","BO",18,2223,0.000804024643839686
"1227","Flo","BR",3704,238227,0.0867998599325208
"1228","Flo","BS",9,984,0.000356267947939673
"1229","Flo","BT",1,121,0.0000437710872594563
"1230","Flo","BW",5,572,0.000207015715973003
"1231","Flo","BY",290,10329,0.00380987848859153
"1232","Flo","BZ",5,310,0.000113015512186301
"1233","Flo","CA",2228,73664,0.027228486510612
"1234","Flo","CG",9,1179,0.00042622993167405
"1235","Flo","CH",277,15751,0.00575051628356202
"1236","Flo","CI",2,467,0.000168267540366271
"1237","Flo","CL",375,24662,0.00898275993209023
"1238","Flo","CM",3,345,0.00012485523251058
"1239","Flo","CO",388,28305,0.0102944574322589
"1240","Flo","CR",47,5332,0.00192987441285751
"1241","Flo","CY",8,611,0.000222084450931176
"1242","Flo","CZ",69,4019,0.00146669020259555
"1243","Flo","DE",1833,77315,0.0283966722492742
"1244","Flo","DK",75,4710,0.00171675944702048
"1245","Flo","DM",4,215,0.0000785726894247618
"1246","Flo","DO",244,24063,0.00872085096734103
"1247","Flo","DZ",42,3663,0.00132927769095316
"1248","Flo","EC",136,13161,0.00477068973187698
"1249","Flo","EE",27,2096,0.000761688674195294
"1250","Flo","EG",77,10768,0.00389096263384266
"1251","Flo","ES",777,38598,0.0141269390232877
"1252","Flo","FI",122,6649,0.00242929534289983
"1253","Flo","FR",2351,129257,0.0472182397708404
"1254","Flo","GB",2036,106646,0.0389928631601003
"1255","Flo","GD",3,173,0.0000631451750628223
"1256","Flo","GH",78,10050,0.00363371780134241
"1257","Flo","GM",2,258,0.0000932826449791693
"1258","Flo","GR",27,1903,0.000692444249268449
"1259","Flo","GT",84,6594,0.00239592885834959
"1260","Flo","GY",5,679,0.000245405112175968
"1261","Flo","HK",35,2725,0.000990231154394258
"1262","Flo","HN",58,4584,0.00166545399228194
"1263","Flo","HR",57,3855,0.00140354502753273
"1264","Flo","HU",42,2859,0.00104081905032527
"1265","Flo","ID",378,49394,0.0178571684842431
"1266","Flo","IE",129,8838,0.00321717491357004
"1267","Flo","IL",53,3980,0.00144695733538842
"1268","Flo","IN",269,27968,0.0101308540241415
"1269","Flo","IS",5,772,0.00027877159672621
"1270","Flo","IT",2148,59023,0.0219468949077722
"1271","Flo","JM",39,2681,0.000975879978243617
"1272","Flo","JO",32,2837,0.00102933810940476
"1273","Flo","JP",481,10122,0.00380413801813128
"1274","Flo","KE",31,4396,0.00158831642047224
"1275","Flo","KG",17,1911,0.000691726690460917
"1276","Flo","KH",13,931,0.000338687757155138
"1277","Flo","KN",1,128,0.0000462825430858186
"1278","Flo","KR",1511,32798,0.0123093625638089
"1279","Flo","KW",25,1674,0.000609566206998495
"1280","Flo","KY",2,180,0.0000652978514854185
"1281","Flo","KZ",305,23152,0.0084158884741399
"1282","Flo","LB",38,3440,0.00124783476629827
"1283","Flo","LC",3,200,0.0000728322189645052
"1284","Flo","LK",14,2280,0.000823039952239286
"1285","Flo","LR",1,126,0.0000455649842782865
"1286","Flo","LT",32,3308,0.00119832320857856
"1287","Flo","LU",13,1205,0.000436993313787031
"1288","Flo","LV",39,2875,0.00104548318257423
"1289","Flo","MA",1,383,0.000137771291046158
"1290","Flo","MD",27,2279,0.000827345305084478
"1291","Flo","MG",2,346,0.00012485523251058
"1292","Flo","MK",9,905,0.000327924375042157
"1293","Flo","ML",4,820,0.000295634228703213
"1294","Flo","MN",17,2536,0.000915963817814689
"1295","Flo","MO",4,249,0.000090771189152807
"1296","Flo","MR",2,398,0.000143511761506414
"1297","Flo","MT",5,595,0.000215267642259621
"1298","Flo","MU",10,661,0.00024074097992701
"1299","Flo","MW",1,121,0.0000437710872594563
"1300","Flo","MX",1883,119972,0.0437190642459103
"1301","Flo","MY",130,10807,0.00392397033898913
"1302","Flo","MZ",5,894,0.000322542683985666
"1303","Flo","NG",151,15407,0.00558188996379198
"1304","Flo","NI",15,1443,0.00052310037069088
"1305","Flo","NL",250,10853,0.00398352772001429
"1306","Flo","NO",150,9794,0.00356770239104946
"1307","Flo","NP",4,802,0.000289176199435425
"1308","Flo","NZ",143,9468,0.00344822884959537
"1309","Flo","OM",12,984,0.000357344286150972
"1310","Flo","PA",53,3390,0.00123527748716646
"1311","Flo","PE",113,10724,0.00388809239861253
"1312","Flo","PH",367,21848,0.00797028445466248
"1313","Flo","PK",46,5751,0.00207984420363171
"1314","Flo","PL",275,29812,0.0107945959211087
"1315","Flo","PT",127,13300,0.00481733105436656
"1316","Flo","PY",20,2858,0.00103256712403865
"1317","Flo","QA",10,1927,0.000694955705094811
"1318","Flo","RO",96,8060,0.00292620481711579
"1319","Flo","RU",10770,177806,0.0676571848445839
"1320","Flo","RW",2,60,0.0000222443230334942
"1321","Flo","SA",140,8107,0.0029588537428585
"1322","Flo","SE",349,14604,0.00536482842451353
"1323","Flo","SG",111,5390,0.00197364550011696
"1324","Flo","SI",16,2326,0.000840261363620056
"1325","Flo","SK",14,987,0.000359138183169802
"1326","Flo","SN",21,3187,0.00115096432728144
"1327","Flo","SR",2,333,0.000120191100261622
"1328","Flo","SV",45,3638,0.00132138454407031
"1329","Flo","TC",2,125,0.0000455649842782865
"1330","Flo","TD",1,171,0.0000617100574477581
"1331","Flo","TH",424,55752,0.0201547917859608
"1332","Flo","TM",2,117,0.0000426947490481582
"1333","Flo","TN",4,2557,0.000918834053044817
"1334","Flo","TR",764,31633,0.0116233763438083
"1335","Flo","TT",21,1566,0.000569382913776699
"1336","Flo","TW",418,10247,0.00382638234116477
"1337","Flo","TZ",23,3242,0.00117141475329611
"1338","Flo","UA",759,35878,0.0131446010157762
"1339","Flo","UG",6,1949,0.0007014137343626
"1340","Flo","US",17403,707916,0.260229518360177
"1341","Flo","UY",62,5062,0.00183838566489717
"1342","Flo","UZ",8,1855,0.000668406029216124
"1343","Flo","VE",157,4811,0.00178241607790967
"1344","Flo","VN",996,103657,0.0375473409423269
"1345","Flo","ZA",254,19906,0.00723299277992328
"1346","Flo","ZM",4,203,0.0000742673365795694
"1347","Flo","ZW",13,1349,0.000488657547929341
"1348","Ava fertility tracker","AT",2,110,0.0124902419984387
"1349","Ava fertility tracker","AU",2,12,0.00156128024980484
"1350","Ava fertility tracker","BE",1,11,0.00133824021411843
"1351","Ava fertility tracker","CA",4,148,0.0169510427121668
"1352","Ava fertility tracker","CH",54,1420,0.164380506300881
"1353","Ava fertility tracker","DE",75,1177,0.13962306233969
"1354","Ava fertility tracker","ES",33,163,0.0218579234972678
"1355","Ava fertility tracker","FR",14,114,0.01427456228393
"1356","Ava fertility tracker","GB",26,361,0.0431582469053195
"1357","Ava fertility tracker","HK",4,46,0.00557600089216014
"1358","Ava fertility tracker","IL",1,2,0.000334560053529609
"1359","Ava fertility tracker","IT",2,14,0.00178432028549125
"1360","Ava fertility tracker","KZ",1,1,0.000223040035686406
"1361","Ava fertility tracker","MX",1,4,0.000557600089216014
"1362","Ava fertility tracker","NL",1,10,0.00122672019627523
"1363","Ava fertility tracker","PT",1,2,0.000334560053529609
"1364","Ava fertility tracker","SE",2,6,0.000892160142745623
"1365","Ava fertility tracker","US",440,4702,0.573435931749749
"1366","Period Tracker & Diary","AR",1,35,0.0067001675041876
"1367","Period Tracker & Diary","AT",8,116,0.0230783547366462
"1368","Period Tracker & Diary","BE",3,35,0.00707239903219803
"1369","Period Tracker & Diary","BM",1,1,0.000372231528010422
"1370","Period Tracker & Diary","BR",25,351,0.0699795272659594
"1371","Period Tracker & Diary","CA",8,99,0.0199143867485576
"1372","Period Tracker & Diary","CH",19,176,0.0362925739810162
"1373","Period Tracker & Diary","CL",1,47,0.00893355667225014
"1374","Period Tracker & Diary","CO",1,52,0.0098641354922762
"1375","Period Tracker & Diary","CR",2,19,0.00390843104410944
"1376","Period Tracker & Diary","CZ",2,11,0.00241950493206775
"1377","Period Tracker & Diary","DE",65,1090,0.214963707426019
"1378","Period Tracker & Diary","DO",4,127,0.0243811650846827
"1379","Period Tracker & Diary","ES",5,51,0.0104224827842918
"1380","Period Tracker & Diary","FR",26,368,0.0733296110180532
"1381","Period Tracker & Diary","GB",18,75,0.0173087660524846
"1382","Period Tracker & Diary","GR",2,22,0.00446677833612507
"1383","Period Tracker & Diary","IT",18,389,0.075749115950121
"1384","Period Tracker & Diary","JP",4,89,0.0173087660524846
"1385","Period Tracker & Diary","KE",1,16,0.00316396798808859
"1386","Period Tracker & Diary","KR",2,15,0.00316396798808859
"1387","Period Tracker & Diary","MX",7,110,0.0217755443886097
"1388","Period Tracker & Diary","NL",32,372,0.0751907686581053
"1389","Period Tracker & Diary","NZ",1,7,0.00148892611204169
"1390","Period Tracker & Diary","PE",1,13,0.00260562069607296
"1391","Period Tracker & Diary","PT",1,10,0.00204727340405732
"1392","Period Tracker & Diary","RU",64,226,0.0539735715615113
"1393","Period Tracker & Diary","SE",7,118,0.0232644705006514
"1394","Period Tracker & Diary","SR",1,1,0.000372231528010422
"1395","Period Tracker & Diary","TR",15,306,0.0597431602456728
"1396","Period Tracker & Diary","TZ",1,16,0.00316396798808859
"1397","Period Tracker & Diary","UA",13,118,0.0243811650846827
"1398","Period Tracker & Diary","US",33,500,0.0991997022147776
"1399","Woman Log & Ovulation Tracker","AE",2,28,0.00617538081515027
"1400","Woman Log & Ovulation Tracker","AO",1,54,0.0113215314944422
"1401","Woman Log & Ovulation Tracker","BE",2,48,0.0102923013585838
"1402","Woman Log & Ovulation Tracker","BG",1,30,0.00638122684232194
"1403","Woman Log & Ovulation Tracker","BR",12,394,0.0835734870317003
"1404","Woman Log & Ovulation Tracker","BY",1,113,0.023466447097571
"1405","Woman Log & Ovulation Tracker","CA",3,76,0.0162618361465624
"1406","Woman Log & Ovulation Tracker","CL",2,131,0.0273775216138329
"1407","Woman Log & Ovulation Tracker","CO",1,95,0.0197612186084809
"1408","Woman Log & Ovulation Tracker","CZ",7,69,0.0156442980650473
"1409","Woman Log & Ovulation Tracker","DE",2,57,0.0121449156031289
"1410","Woman Log & Ovulation Tracker","DO",1,43,0.00905722519555373
"1411","Woman Log & Ovulation Tracker","EC",1,47,0.00988060930424043
"1412","Woman Log & Ovulation Tracker","ES",2,114,0.0238781391519144
"1413","Woman Log & Ovulation Tracker","FR",5,210,0.0442568958419103
"1414","Woman Log & Ovulation Tracker","GB",1,43,0.00905722519555373
"1415","Woman Log & Ovulation Tracker","ID",1,8,0.00185261424454508
"1416","Woman Log & Ovulation Tracker","IT",10,219,0.0471387402223137
"1417","Woman Log & Ovulation Tracker","JP",1,29,0.00617538081515027
"1418","Woman Log & Ovulation Tracker","KZ",4,122,0.0259365994236311
"1419","Woman Log & Ovulation Tracker","LU",1,4,0.00102923013585838
"1420","Woman Log & Ovulation Tracker","LV",1,13,0.00288184438040346
"1421","Woman Log & Ovulation Tracker","MD",1,99,0.0205846027171676
"1422","Woman Log & Ovulation Tracker","MM",1,1,0.000411692054343351
"1423","Woman Log & Ovulation Tracker","MX",6,339,0.0710168793742281
"1424","Woman Log & Ovulation Tracker","MY",1,10,0.00226430629888843
"1425","Woman Log & Ovulation Tracker","NL",25,458,0.0994236311239193
"1426","Woman Log & Ovulation Tracker","NO",3,22,0.00514615067929189
"1427","Woman Log & Ovulation Tracker","PE",1,40,0.0084396871140387
"1428","Woman Log & Ovulation Tracker","PH",1,39,0.00823384108686702
"1429","Woman Log & Ovulation Tracker","PL",1,38,0.00802799505969535
"1430","Woman Log & Ovulation Tracker","RU",33,719,0.1547962124331
"1431","Woman Log & Ovulation Tracker","SE",4,73,0.015850144092219
"1432","Woman Log & Ovulation Tracker","SG",1,9,0.00205846027171676
"1433","Woman Log & Ovulation Tracker","TR",7,143,0.0308769040757513
"1434","Woman Log & Ovulation Tracker","TW",5,118,0.0253190613421161
"1435","Woman Log & Ovulation Tracker","UA",5,184,0.0389048991354467
"1436","Woman Log & Ovulation Tracker","US",16,446,0.0951008645533141
"1437","Tempdrop","AU",2,18,0.0464037122969838
"1438","Tempdrop","CA",7,40,0.109048723897912
"1439","Tempdrop","DE",1,5,0.0139211136890951
"1440","Tempdrop","GB",2,15,0.0394431554524362
"1441","Tempdrop","PT",1,1,0.00464037122969838
"1442","Tempdrop","US",48,291,0.786542923433875
"1443","Easy Period","AU",9,104,0.0127152019804208
"1444","Easy Period","CA",4,100,0.0117024867784404
"1445","Easy Period","FR",1,8,0.00101271520198042
"1446","Easy Period","GB",26,833,0.0966580398334646
"1447","Easy Period","HK",7,214,0.0248677844041859
"1448","Easy Period","IN",1,13,0.00157533475863621
"1449","Easy Period","JP",3,72,0.00843929334983684
"1450","Easy Period","MY",1,34,0.00393833689659053
"1451","Easy Period","NZ",1,27,0.00315066951727242
"1452","Easy Period","PH",1,16,0.00191290649262968
"1453","Easy Period","SE",3,4,0.000787667379318105
"1454","Easy Period","TH",1,10,0.00123776302464274
"1455","Easy Period","TM",1,1,0.000225047822662316
"1456","Easy Period","TW",59,2894,0.332283110160909
"1457","Easy Period","US",115,4275,0.493979970743783
"1458","Easy Period","VN",2,26,0.00315066951727242
"1459","Easy Period","ZA",1,20,0.00236300213795432
"1460","Period tracker by PinkBird","AE",7,25,0.00235294117647059
"1461","Period tracker by PinkBird","AG",1,1,0.000147058823529412
"1462","Period tracker by PinkBird","AR",4,28,0.00235294117647059
"1463","Period tracker by PinkBird","AU",12,116,0.00941176470588235
"1464","Period tracker by PinkBird","BE",1,5,0.000441176470588235
"1465","Period tracker by PinkBird","BR",39,145,0.0135294117647059
"1466","Period tracker by PinkBird","BY",1,12,0.000955882352941177
"1467","Period tracker by PinkBird","CA",14,71,0.00625
"1468","Period tracker by PinkBird","CL",9,26,0.00257352941176471
"1469","Period tracker by PinkBird","CO",4,26,0.00220588235294118
"1470","Period tracker by PinkBird","CZ",1,8,0.000661764705882353
"1471","Period tracker by PinkBird","DE",1,8,0.000661764705882353
"1472","Period tracker by PinkBird","DO",2,17,0.00139705882352941
"1473","Period tracker by PinkBird","EG",2,10,0.000882352941176471
"1474","Period tracker by PinkBird","ES",4,49,0.00389705882352941
"1475","Period tracker by PinkBird","GB",34,145,0.0131617647058824
"1476","Period tracker by PinkBird","GH",1,9,0.000735294117647059
"1477","Period tracker by PinkBird","GT",1,7,0.000588235294117647
"1478","Period tracker by PinkBird","HR",1,4,0.000367647058823529
"1479","Period tracker by PinkBird","ID",3,14,0.00125
"1480","Period tracker by PinkBird","IE",1,4,0.000367647058823529
"1481","Period tracker by PinkBird","IN",3,18,0.00154411764705882
"1482","Period tracker by PinkBird","IT",1,12,0.000955882352941177
"1483","Period tracker by PinkBird","KG",1,1,0.000147058823529412
"1484","Period tracker by PinkBird","KZ",2,15,0.00125
"1485","Period tracker by PinkBird","MX",21,130,0.0111029411764706
"1486","Period tracker by PinkBird","MY",4,42,0.00338235294117647
"1487","Period tracker by PinkBird","NG",3,14,0.00125
"1488","Period tracker by PinkBird","NL",2,20,0.00161764705882353
"1489","Period tracker by PinkBird","PA",1,2,0.000220588235294118
"1490","Period tracker by PinkBird","PE",2,12,0.00102941176470588
"1491","Period tracker by PinkBird","PH",2,22,0.00176470588235294
"1492","Period tracker by PinkBird","PL",2,7,0.000661764705882353
"1493","Period tracker by PinkBird","PT",1,19,0.00147058823529412
"1494","Period tracker by PinkBird","PY",1,6,0.000514705882352941
"1495","Period tracker by PinkBird","QA",1,2,0.000220588235294118
"1496","Period tracker by PinkBird","RO",1,8,0.000661764705882353
"1497","Period tracker by PinkBird","RU",100,1063,0.0855147058823529
"1498","Period tracker by PinkBird","SA",2,20,0.00161764705882353
"1499","Period tracker by PinkBird","SE",2,7,0.000661764705882353
"1500","Period tracker by PinkBird","SG",1,9,0.000735294117647059
"1501","Period tracker by PinkBird","TH",292,2948,0.238235294117647
"1502","Period tracker by PinkBird","TT",1,1,0.000147058823529412
"1503","Period tracker by PinkBird","TW",26,124,0.0110294117647059
"1504","Period tracker by PinkBird","UA",15,175,0.0139705882352941
"1505","Period tracker by PinkBird","US",1081,5963,0.517941176470588
"1506","Period tracker by PinkBird","UZ",2,21,0.00169117647058824
"1507","Period tracker by PinkBird","VN",55,421,0.035
"1508","Period tracker by PinkBird","ZA",2,18,0.00147058823529412
"1509","Nurx","US",1184,2362,1
"1510","WOOM","AO",1,2,0.000612494895875868
"1511","WOOM","AR",54,144,0.0404246631278073
"1512","WOOM","AU",1,1,0.000408329930583912
"1513","WOOM","CH",2,10,0.00244997958350347
"1514","WOOM","CL",23,59,0.0167415271539404
"1515","WOOM","CO",36,102,0.0281747652102899
"1516","WOOM","DE",4,15,0.00387913434054716
"1517","WOOM","DO",3,9,0.00244997958350347
"1518","WOOM","EC",5,9,0.00285830951408738
"1519","WOOM","ES",475,2055,0.516537362188648
"1520","WOOM","FR",1,9,0.00204164965291956
"1521","WOOM","GB",25,67,0.0187831768068599
"1522","WOOM","HN",1,2,0.000612494895875868
"1523","WOOM","IT",1,4,0.00102082482645978
"1524","WOOM","MX",288,1086,0.280522662311147
"1525","WOOM","MZ",1,1,0.000408329930583912
"1526","WOOM","NL",1,3,0.000816659861167824
"1527","WOOM","PA",1,3,0.000816659861167824
"1528","WOOM","PE",8,26,0.0069416088199265
"1529","WOOM","PT",2,6,0.00163331972233565
"1530","WOOM","SE",2,3,0.00102082482645978
"1531","WOOM","SG",2,8,0.00204164965291956
"1532","WOOM","SV",1,2,0.000612494895875868
"1533","WOOM","US",65,238,0.0618619844834626
"1534","WOOM","UY",8,23,0.00632911392405063
"1535","Premom Ovulation Tracker","AT",2,14,0.00109170305676856
"1536","Premom Ovulation Tracker","AU",10,94,0.00709606986899563
"1537","Premom Ovulation Tracker","BR",3,19,0.00150109170305677
"1538","Premom Ovulation Tracker","CA",112,1609,0.117426310043668
"1539","Premom Ovulation Tracker","CL",2,11,0.000887008733624454
"1540","Premom Ovulation Tracker","CO",1,19,0.0013646288209607
"1541","Premom Ovulation Tracker","CR",1,9,0.000682314410480349
"1542","Premom Ovulation Tracker","DE",10,156,0.0113264192139738
"1543","Premom Ovulation Tracker","DK",1,7,0.000545851528384279
"1544","Premom Ovulation Tracker","DO",2,24,0.00177401746724891
"1545","Premom Ovulation Tracker","ES",31,207,0.0162390829694323
"1546","Premom Ovulation Tracker","FI",1,3,0.00027292576419214
"1547","Premom Ovulation Tracker","FR",10,103,0.00771015283842795
"1548","Premom Ovulation Tracker","GB",62,503,0.0385507641921397
"1549","Premom Ovulation Tracker","IE",4,29,0.00225163755458515
"1550","Premom Ovulation Tracker","IN",2,32,0.00231986899563319
"1551","Premom Ovulation Tracker","IT",9,78,0.00593613537117904
"1552","Premom Ovulation Tracker","KR",1,12,0.000887008733624454
"1553","Premom Ovulation Tracker","LT",1,11,0.000818777292576419
"1554","Premom Ovulation Tracker","MX",2,34,0.00245633187772926
"1555","Premom Ovulation Tracker","MY",9,250,0.017671943231441
"1556","Premom Ovulation Tracker","NG",2,19,0.00143286026200873
"1557","Premom Ovulation Tracker","NL",2,33,0.00238810043668122
"1558","Premom Ovulation Tracker","OM",1,1,0.00013646288209607
"1559","Premom Ovulation Tracker","PE",1,5,0.00040938864628821
"1560","Premom Ovulation Tracker","PH",4,41,0.00307041484716157
"1561","Premom Ovulation Tracker","PL",1,11,0.000818777292576419
"1562","Premom Ovulation Tracker","SA",5,45,0.00341157205240175
"1563","Premom Ovulation Tracker","SG",3,12,0.00102347161572052
"1564","Premom Ovulation Tracker","TH",3,36,0.00266102620087336
"1565","Premom Ovulation Tracker","TT",2,9,0.000750545851528384
"1566","Premom Ovulation Tracker","US",931,9969,0.743722707423581
"1567","Premom Ovulation Tracker","ZA",2,18,0.0013646288209607
"1568","Period tracker for women","AE",7,727,0.00522040938251234
"1569","Period tracker for women","AR",14,871,0.00629436281133981
"1570","Period tracker for women","AT",17,1424,0.0102487873572211
"1571","Period tracker for women","AU",9,500,0.00362014765081578
"1572","Period tracker for women","BE",32,2210,0.0159457191220609
"1573","Period tracker for women","BG",1,89,0.000640104692678625
"1574","Period tracker for women","BH",1,128,0.000917483392839362
"1575","Period tracker for women","BR",173,11805,0.0851908223211619
"1576","Period tracker for women","BY",1,64,0.000462297833601229
"1577","Period tracker for women","CA",35,1418,0.0103341346495782
"1578","Period tracker for women","CH",18,1477,0.0106328501728283
"1579","Period tracker for women","CL",12,695,0.00502837797470875
"1580","Period tracker for women","CO",13,946,0.0068206711142089
"1581","Period tracker for women","CR",1,136,0.000974381587744129
"1582","Period tracker for women","CZ",31,2148,0.0154976458371858
"1583","Period tracker for women","DE",152,8134,0.0589323053726121
"1584","Period tracker for women","DK",22,751,0.00549778808267308
"1585","Period tracker for women","DO",1,172,0.00123042346481558
"1586","Period tracker for women","DZ",3,106,0.000775237905577446
"1587","Period tracker for women","EC",2,312,0.00223325415001209
"1588","Period tracker for women","EG",1,325,0.00231860144236924
"1589","Period tracker for women","ES",136,7669,0.055511301403963
"1590","Period tracker for women","FI",25,1238,0.00898280252059003
"1591","Period tracker for women","FR",43,4304,0.0309170566563776
"1592","Period tracker for women","GB",14,475,0.00347790216355386
"1593","Period tracker for women","GR",1,199,0.00142245487261917
"1594","Period tracker for women","HK",1,164,0.00117352526991081
"1595","Period tracker for women","HR",3,605,0.00432426281276227
"1596","Period tracker for women","HU",35,4832,0.0346154393251874
"1597","Period tracker for women","ID",4,664,0.00475099927454802
"1598","Period tracker for women","IL",90,4430,0.0321474801211932
"1599","Period tracker for women","IN",2,113,0.000817911551756021
"1600","Period tracker for women","IT",29,1751,0.0126598483663106
"1601","Period tracker for women","JP",14,631,0.00458741696419681
"1602","Period tracker for women","KR",120,4292,0.0313793544899788
"1603","Period tracker for women","KW",2,212,0.00152202671370251
"1604","Period tracker for women","KZ",2,115,0.000832136100482212
"1605","Period tracker for women","LT",2,175,0.00125887256226796
"1606","Period tracker for women","MA",1,9,0.0000711227436309583
"1607","Period tracker for women","MX",38,2643,0.0190680075674599
"1608","Period tracker for women","MY",4,313,0.00225459097310138
"1609","Period tracker for women","NL",79,4740,0.0342740501557588
"1610","Period tracker for women","NO",4,190,0.00137978122644059
"1611","Period tracker for women","OM",2,342,0.00244662238090497
"1612","Period tracker for women","PE",4,362,0.00260309241689307
"1613","Period tracker for women","PH",3,173,0.00125176028790487
"1614","Period tracker for women","PL",63,4530,0.0326666761496991
"1615","Period tracker for women","PT",6,515,0.00370549494317293
"1616","Period tracker for women","PY",1,52,0.000376950541244079
"1617","Period tracker for women","RO",6,813,0.00582495270337549
"1618","Period tracker for women","RU",464,26462,0.191505099500718
"1619","Period tracker for women","SA",28,5344,0.0382071378785508
"1620","Period tracker for women","SE",13,647,0.00469410107964325
"1621","Period tracker for women","SG",1,34,0.000248929602708354
"1622","Period tracker for women","SK",4,377,0.00270977653233951
"1623","Period tracker for women","TH",13,1479,0.010611513349739
"1624","Period tracker for women","TR",14,861,0.00622324006770885
"1625","Period tracker for women","TW",4,450,0.00322897256084551
"1626","Period tracker for women","UA",62,6249,0.0448855635054978
"1627","Period tracker for women","US",60,2283,0.0166640588327335
"1628","Period tracker for women","UY",1,109,0.000782350179940541
"1629","Period tracker for women","VN",106,13182,0.0945079017368174
"1630","Period tracker for women","ZA",2,84,0.000611655595226241
"1631","Lunar","AU",1,16,0.000651016734959599
"1632","Lunar","BR",1,74,0.00287213265423352
"1633","Lunar","CA",1,26,0.00103396775552407
"1634","Lunar","CO",1,16,0.000651016734959599
"1635","Lunar","GB",2,19,0.000804197143185387
"1636","Lunar","ID",7,1697,0.0652548539041857
"1637","Lunar","JP",1,3,0.000153180408225788
"1638","Lunar","US",215,24033,0.928579634664726
