"","iso_2c","continent","region","CPAnyP","CPModP","CPTrad","UNMP","UNMModP","DEMTot","DEMMod","CPAnyN","DEMAny","CPModN","UNMN","UNMModN","CPTradN","DEMTotN","tfr","popFT","popFage","totpop","itu_internet","itu_mobile","itu_female_m","installation"
"1","AE","Asia","Western Asia","35.6","28.7","6.9","11.9","18.8","47.5","60.4","734228","75","591605","245021","387644","142623","979249",1.42,3054.051,1220.101,9890.4,94.8199225383446,185.779425345906,"100.0",264063
"2","AG","Americas","Latin America and the Caribbean","44.6","42.2","2.3","9.9","12.2","54.4","77.6","11454","81.9","10860","2538","3132","594","13992",2,50.659,18.445,97.928,NA,187.891227317751,NA,36274
"3","AL","Europe","Southern Europe","30.9","4.1","26.8","11.3","38.1","42.2","9.8","202871","73.3","27157","73981","249695","175714","276852",1.62,1413.086,447.411,2877.8,71.8470405043844,91.002944266048,"71.2",267854
"4","AM","Asia","Western Asia","39.2","20.8","18.4","8.1","26.5","47.3","43.9","291487","82.8","154691","60624","197421","136797","352111",1.7559,1569.487,484.338,2963.234,64.7448843250726,117.73577124792,"78.1",1031784
"5","AO","Africa","Sub-Saharan Africa","15.8","14.8","1","26.9","28","42.7","34.5","1246382","37","1164055","2124207","2206534","82327","3370588",5.55,16605.398,5335.358,32866.268,14.3390793643794,44.5595107348956,NA,5371741
"6","AR","Americas","Latin America and the Caribbean","59.7","57.3","2.4","8.3","10.7","68","84.3","6838486","87.8","6563039","945853","1221300","275446","7784339",2.268,23146.631,7957.74,45195.777,74.2949068657957,121.170399692679,"73.5",217873
"7","AT","Europe","Western Europe","65.9","63.3","2.6","5.2","7.8","71.1","89","1282855","92.7","1232378","101304","151782","50478","1384159",1.5292,4566.709,1361.311,9006.4,87.9355865856062,118.998127775388,"85.9",41339
"8","AU","Oceania","Australia and New Zealand","58.2","56.2","2","7.6","9.6","65.8","85.4","3461424","88.4","3343999","452671","570096","117425","3914095",1.8316,12801.256,4111.225,25499.881,86.5450488476768,107.659313273739,"86.1",6363044
"9","AZ","Asia","Western Asia","36.4","14.6","21.9","8.9","30.8","45.4","32.1","954201","80.3","381791","233913","806323","572410","1188114",2.0835,5074.511,1707.317,10139.175,79,102.023073470362,"82.2",1157394
"10","BA","Europe","Southern Europe","38.1","18.1","20","8.9","28.9","47","38.5","272279","81","129227","63733","206785","143051","336012",1.27,1674.206,525.271,3280.815,64.8920205128383,106.97554482585,"69.3",230570
"11","BB","Americas","Latin America and the Caribbean","49.9","46.7","3.2","11.9","15.1","61.8","75.6","33128","80.8","30997","7881","10011","2131","41008",1.62,148.287,48.296,287.371,81.7607783931079,102.65332753371,NA,1337328
"12","BE","Europe","Western Europe","59.1","58.5","0.6","5.5","6.1","64.5","90.6","1463520","91.5","1449174","136234","150580","14346","1599754",1.7148,5845.281,1755.127,11589.616,87.6796808175598,99.4832014811871,"91.1",72057
"13","BF","Africa","Sub-Saharan Africa","28.2","27.2","1","20.1","21.1","48.3","56.3","1423089","58.4","1372718","1013396","1063767","50371","2436485",5.2315,10458.565,3446.812,20903.278,15.8762069118956,105.807439820549,NA,232472
"14","BG","Europe","Eastern Europe","66.3","49.9","16.4","4.6","20.9","70.8","70.4","956080","93.5","720023","66025","302082","236057","1022105",1.5584,3574.324,1041.54,6948.445,63.4101013837926,114.35276525899,"68.7",127338
"15","BH","Asia","Western Asia","29.1","20.2","8.9","5.8","14.7","34.9","57.9","105809","83.4","73379","21002","53432","32430","126811",1.9982,601.109,215.45,1701.583,95.8781357543453,102.767847435464,"100.0",753325
"16","BO","Americas","Latin America and the Caribbean","47.5","35","12.5","11.6","24.1","59.1","59.2","1448321","80.3","1066762","354225","735784","381559","1802545",2.75,5815.01,2086.074,11673.029,43.8322760674661,101.125004401174,"58.0",50063
"17","BR","Americas","Latin America and the Caribbean","65","63","2","6.1","8","71","88.7","37212043","91.5","36087627","3471080","4595496","1124416","40683123",1.74,108123.626,40202.158,212559.409,67.4712845236305,96.8363499980808,"84.9",33514
"18","BT","Asia","Southern Asia","38.7","37.4","1.2","8.3","9.5","47","79.7","81054","82.3","78474","17382","19962","2581","98436",2,361.525,137.723,771.612,NA,96.5693720127319,NA,214952
"19","BW","Africa","Sub-Saharan Africa","57.8","57","0.9","7.9","8.7","65.7","86.7","380115","88","374293","51617","57439","5822","431731",2.8944,1212.526,446.848,2351.625,41.4137946360181,162.840790652599,NA,30174678
"20","BY","Europe","Eastern Europe","60.7","51.8","8.9","5.5","14.4","66.1","78.3","1297776","91.7","1107481","116705","307001","190296","1414482",1.7099,5049.954,1440.972,9449.321,74.4364454136036,123.861614212997,"85.7",60925
"21","BZ","Americas","Latin America and the Caribbean","44","41.1","2.9","14.2","17.1","58.2","70.6","50042","75.6","46750","16152","19445","3292","66195",2.32,199.86,76.689,397.621,47.0826258036364,66.393714728339,NA,47425
"22","CA","Americas","Northern America","73.1","71","2.1","3.4","5.5","76.5","92.8","6279084","95.6","6095997","288479","471566","183086","6567563",1.525,19009.979,5889.442,37742.157,92.7013719059889,85.73967452944,NA,36949
"23","CD","Africa","Sub-Saharan Africa","25.9","15","10.9","21.2","32.2","47.2","31.8","5378590","55","3114340","4408526","6672776","2264250","9787116",5.9635,44851.232,14139.279,89561.404,8.61990491569355,45.553547212743,NA,56549
"24","CG","Africa","Sub-Saharan Africa","42.3","28.3","14","15","29","57.3","49.5","577985","73.9","386884","204144","395245","191102","782129",4.45,2761.414,953.863,5518.092,8.65,88.6176676808467,NA,8601958
"25","CH","Europe","Western Europe","72.4","68.3","4.1","4.4","8.5","76.8","88.9","1375445","94.3","1297080","83586","161951","78365","1459031",1.535,4360.97,1335.788,8654.618,89.6861476710225,127.306692308457,"91.3",2404698
"26","CI","Africa","Sub-Saharan Africa","25.9","22.5","3.4","21","24.4","46.9","47.9","1710733","55.2","1485944","1389058","1613847","224789","3099791",4.68,13077.895,4477.656,26378.275,43.8399208514876,152.001021749945,"32.9",3762817
"27","CL","Americas","Latin America and the Caribbean","63.2","58.7","4.4","5.8","10.3","69","85.1","3043680","91.5","2829830","281228","495078","213850","3324908",1.65,9690.54,3289.071,19116.209,82.3274869338464,131.136144676445,"80.7",51841
"28","CM","Africa","Sub-Saharan Africa","22.6","18.5","4.1","16","20.1","38.6","48","1505127","58.6","1233814","1063634","1334947","271313","2568761",4.603,13268.789,4466.052,26545.864,23.2029719748646,84.1950777791628,"19.2",46608
"29","CN","Asia","Eastern Asia","69.5","67.6","1.9","4.1","6","73.6","91.8","234299406","94.4","227931308","13920013","20288111","6368098","248219419",1.69,701076.434,233518.042,1439323.774,54.3,119.390162842693,"70.8",82600
"30","CO","Americas","Latin America and the Caribbean","64","60.4","3.6","5.5","9.1","69.5","86.9","8821412","92.1","8323360","756171","1254223","498052","9577583",1.82,25898.32,9538.481,50882.884,62.2598803162841,132.996708068337,"65.9",4897652
"31","CR","Americas","Latin America and the Caribbean","56.1","54.6","1.5","9.4","10.9","65.5","83.3","742795","85.6","722809","124654","144640","19986","867449",1.7639,2549.038,897.023,5094.114,71.5816646195022,147.47145629528,"80.9",539631
"32","CV","Africa","Sub-Saharan Africa","43.7","42.7","1","12.6","13.6","56.4","75.8","65949","77.6","64450","19059","20557","1498","85007",2.2885,276.871,98.934,555.988,57.1621463484891,97.9751325120911,"61.0",41057
"33","CZ","Europe","Eastern Europe","62.8","55.5","7.2","3.4","10.6","66.2","83.9","1477817","94.9","1307443","79788","250162","170374","1557605",1.6413,5436.46,1713.606,10708.982,78.7191728513432,121.391680496959,"79.7",102426
"34","DE","Europe","Western Europe","54.6","53.6","1","6.6","7.6","61.2","87.6","9102508","89.3","8936845","1095889","1261552","165663","10198397",1.586,42368.034,11879.269,83783.945,84.3941537010844,128.186854707791,"87.3",604706
"35","DK","Europe","Northern Europe","63.8","60.4","3.4","5.1","8.5","68.9","87.7","794897","92.6","752435","63070","105532","42462","857967",1.7621,2912.842,876.138,5792.203,97.0993621555621,125.214469384873,"95.7",9015834
"36","DZ","Africa","Northern Africa","35.8","31.6","4.2","5.7","10","41.6","76","3971633","86.2","3503366","635985","1104252","468267","4607618",3.05,21697.235,7382.72,43851.043,47.6910551485548,103.887316799117,"42.9",41888
"37","EC","Americas","Latin America and the Caribbean","59.7","53.7","6","5.7","11.7","65.4","82.1","2780984","91.2","2503092","267446","545337","277892","3048430",2.44,8819.233,3207.444,17643.06,NA,87.7703259311001,"53.5",1058600
"38","EE","Europe","Northern Europe","56.3","50.8","5.5","7.2","12.7","63.5","80","157859","88.7","142499","20192","35551","15359","178051",1.5878,698.083,193.532,1326.539,88.1024568740199,145.174382884734,"89.6",235606
"39","EG","Africa","Northern Africa","44.5","43.1","1.4","9.1","10.5","53.6","80.4","11440261","83","11075395","2336421","2701287","364866","13776682",3.33,50631.541,17303.404,102334.403,44.9502042452857,93.1821784978588,"70.5",1402649
"40","ES","Europe","Southern Europe","59.9","57.6","2.3","7.8","10.1","67.7","85.1","6029434","88.5","5798430","780883","1011887","231004","6810317",1.33,23776.445,7734.249,46754.783,84.6022457016524,119.020359801516,"93.2",722463
"41","FI","Europe","Northern Europe","78.5","73.8","4.7","3.3","8.1","81.8","90.1","895180","95.9","841316","38153","92017","53863","933333",1.53,2808.312,793.879,5540.718,87.4689290730615,128.503154824644,"91.4",38982186
"42","FR","Europe","Western Europe","65.5","63.4","2.1","3.8","5.8","69.2","91.6","9067543","94.6","8778015","520383","809912","289528","9587927",1.8523,33684.317,10016.963,65273.512,80.5024597243607,111.455625544641,"82.2",168402
"43","GA","Africa","Sub-Saharan Africa","37.6","29.6","8.1","18.5","26.6","56.1","52.6","211911","67","166505","104368","149774","45406","316279",4,1092.874,366.672,2225.728,50.3201201533544,137.012329415824,NA,594252
"44","GB","Europe","Northern Europe","71.9","65.6","6.3","4.8","11.1","76.7","85.5","10771560","93.7","9827087","718549","1663021","944473","11490108",1.75,34343.589,10443.503,67886.004,90.4245504868553,116.381856639065,"94.4",12158226
"45","GD","Americas","Latin America and the Caribbean","45.2","42","3.3","9.3","12.6","54.5","76.9","12696","83","11771","2601","3526","925","15297",2.0732,55.853,18.675,112.519,59.071735362999,108.42227811203,NA,13764795
"46","GE","Asia","Western Asia","32","23.1","8.9","13.3","22.1","45.2","51.1","284145","70.7","205329","117848","196665","78817","401993",2.0615,2087.948,619.348,3989.175,59.7055045962571,127.84877143524,"71.9",554431
"47","GH","Africa","Sub-Saharan Africa","26.1","22.5","3.6","19.1","22.7","45.2","49.8","2056575","57.7","1774395","1507213","1789393","282180","3563788",3.8928,15322.946,5379.698,31072.945,37.8841526162936,130.214936211379,NA,42916
"48","GM","Africa","Sub-Saharan Africa","13.5","12.9","0.7","16.6","17.2","30.1","42.7","81177","45","77111","99406","103472","4066","180583",5.25,1218.124,398.362,2416.664,19.8364544419252,110.811828517612,NA,349329
"49","GR","Europe","Southern Europe","53","37.4","15.5","4.3","19.9","57.3","65.3","1146922","92.4","810388","93997","430531","336534","1240919",1.3024,5307.23,1658.621,10423.056,69.8929706543154,109.497609817622,"75.5",40652
"50","GT","Americas","Latin America and the Caribbean","42.2","35.8","6.4","8.8","15.1","50.9","70.3","2094689","82.8","1778312","435305","751682","316377","2529994",2.8989,9088.458,3369.925,17915.567,40.7030490813888,113.815375543773,"41.8",598982
"51","GW","Africa","Sub-Saharan Africa","32.3","30.4","2","15.8","17.7","48.1","63.1","163509","67.2","153634","79784","89659","9875","243293",4.51,1005.303,337.621,1967.998,3.93050915199411,97.2488326987639,NA,63750
"52","GY","Americas","Latin America and the Caribbean","34","32.2","1.8","17.1","19","51.1","62.9","67695","66.5","64059","34123","37759","3637","101818",2.4728,391.01,144.289,786.559,37.3258367878094,108.829422593802,NA,567986
"53","HN","Americas","Latin America and the Caribbean","52.2","46.7","5.5","7.1","12.6","59.3","78.8","1444709","88.1","1292019","195835","348525","152690","1640544",2.4872,4955.728,1889.959,9904.608,32.1363636363611,70.2769327445299,"40.7",366058
"54","HR","Europe","Southern Europe","49.8","34.1","15.7","4.8","20.4","54.6","62.6","427276","91.3","292873","40883","175286","134403","468159",1.4461,2125.976,625.066,4105.268,67.0961920368478,106.587439988678,"74.9",418984
"55","HU","Europe","Eastern Europe","48.9","43.9","4.9","6.2","11.2","55.1","79.7","1065887","88.7","958047","135450","243290","107840","1201336",1.4911,5062.062,1598.357,9660.35,76.7505471201922,106.959467621829,"85.2",685134
"56","ID","Asia","South-eastern Asia","43.8","42","1.8","8","9.8","51.8","81.2","31745751","84.6","30445726","5769436","7069461","1300025","37515187",2.3195,135805.76,51725.072,273523.621,32.335806250688,130.014510081698,"50.8",2763582
"57","IE","Europe","Northern Europe","65.6","62.9","2.7","6.3","8.9","71.8","87.6","773902","91.3","742599","73940","105242","31303","847841",1.8409,2486.447,882.936,4937.796,84.1140070623844,105.999470207903,"93.0",3140982
"58","IL","Asia","Western Asia","39.1","30.2","8.9","5.1","14.1","44.2","68.2","788740","88.4","608325","103556","283972","180415","892296",3.044,4347.424,1431.262,8655.541,81.5811835871611,141.759001609952,"89.7",937583
"59","IN","Asia","Southern Asia","43.2","38.5","4.7","8.9","13.5","52.1","74","155970706","82.9","139162103","32103609","48912212","16808603","188074315",2.2402,662903.415,248752.29,1380004.385,32,83.6018960910766,"14.9",106156
"60","IQ","Asia","Western Asia","37.4","26.3","11","8.3","19.4","45.7","57.6","3887287","81.8","2738968","864260","2012579","1148319","4751547",3.682,19864.725,7052.849,40222.503,49.3599988890123,93.170070288781,NA,779862
"61","IT","Europe","Southern Europe","59.4","47.8","11.6","5.3","16.9","64.7","73.9","7230603","91.8","5822425","646275","2054453","1408178","7876878",1.33,31024.103,9144.819,60461.828,63.0773469984291,128.314100205971,"67.2",7344536
"62","JM","Americas","Latin America and the Caribbean","43.1","41.2","1.9","8.5","10.4","51.5","79.9","336736","83.6","321775","66139","81100","14962","402875",1.991,1491.52,541.905,2961.161,55.0720670507751,97.0313055629757,"71.6",189783
"63","JO","Asia","Western Asia","30.3","21.7","8.7","8.1","16.7","38.4","56.4","827133","79","590769","219901","456265","236364","1047034",2.7723,5037.161,1884.458,10203.14,66.7903144326458,68.4876921149913,NA,218150
"64","JP","Asia","Eastern Asia","45.1","38.5","6.6","12.2","18.8","57.3","67.1","11034494","78.7","9415943","2989186","4607737","1618551","14023680",1.3697,64723.413,18521.92,126476.458,91.7265472366635,154.222288841558,"87.7",1474308
"65","KE","Africa","Sub-Saharan Africa","43.6","42.3","1.3","12.8","14.1","56.4","74.9","6309991","77.3","6116988","1851842","2044845","193003","8161833",3.52,27052.773,9834.693,53771.3,17.8271002088645,114.203875614231,"20.1",280599
"66","KH","Asia","South-eastern Asia","42.5","31.4","11.1","7.4","18.5","49.9","62.9","1938263","85.2","1430483","337298","845077","507780","2275560",2.5238,8556.547,3089.103,16718.971,32.9002785437986,126.124978430184,"65.0",76262
"67","KW","Asia","Western Asia","40.6","33.3","7.3","9.3","16.6","50","66.7","381865","81.3","313228","87751","156388","68636","469616",2.1,1656.117,715.391,4270.563,97.9999893344615,158.534912544482,"98.3",216355
"68","LA","Asia","South-eastern Asia","37.8","33.5","4.3","9.7","14","47.5","70.6","749735","79.6","664757","192451","277429","84978","942186",2.7,3623.762,1327.403,7275.556,25.5104350823024,56.3530504868354,NA,263890
"69","LB","Asia","Western Asia","28.8","21.6","7.2","6","13.3","34.8","61.9","529066","82.7","396087","110529","243508","132979","639594",2.09,3389.696,1273.865,6825.442,78.1807748907671,62.8269805118934,NA,37077
"70","LC","Americas","Latin America and the Caribbean","48.2","45.3","3","11.7","14.6","59.9","75.5","24396","80.5","22885","5896","7408","1512","30293",1.4442,93.207,35.01,183.629,50.8152447764038,110.550191420652,NA,40474
"71","LK","Asia","Southern Asia","44.7","36.7","8","5.1","13.1","49.8","73.7","2382778","89.8","1954635","270873","699016","428143","2653651",2.2102,11145.899,3863.411,21413.25,34.1133478999619,138.84144811467,NA,157445
"72","LR","Africa","Sub-Saharan Africa","25.1","24.2","0.9","27.6","28.5","52.8","45.9","316365","47.6","305300","348054","359120","11066","664420",4.35,2515.138,869.741,5057.677,7.98447972152267,32.6829628044948,NA,289598
"73","LT","Europe","Northern Europe","48","39.1","8.9","6.7","15.6","54.6","71.5","259086","87.8","210919","35939","84106","48168","295025",1.6698,1462.304,378.933,2722.291,77.6152565124514,134.886303401292,"84.0",139017
"74","LV","Europe","Northern Europe","60.1","53.2","6.8","6.2","13","66.3","80.3","230102","90.6","204022","23865","49945","26080","253966",1.7167,1016.866,265.271,1886.202,80.1140770037369,108.756291757281,"89.6",251840
"75","LY","Africa","Northern Africa","25.6","16.3","9.3","16.8","26.2","42.4","38.4","492717","60.3","313465","324057","503309","179252","816774",2.25,3402.55,1342.732,6871.287,21.7589206159252,42.5247537144397,NA,53902
"76","MA","Africa","Northern Africa","42.7","36.8","5.9","7.2","13.1","49.9","73.8","4120908","85.5","3555262","697367","1263014","565646","4818275",2.42,18593.671,6648.072,36910.558,61.7622120123071,133.893994022307,"81.0",49061
"77","ME","Europe","Southern Europe","22.2","15.1","7.1","15.2","22.3","37.4","40.4","32094","59.4","21809","21949","32234","10285","54043",1.7506,317.499,103.924,628.062,71.2723325399382,171.970620922005,"76.9",48432
"78","MG","Africa","Sub-Saharan Africa","41.2","36.6","4.6","14.4","19","55.5","65.8","2901226","74.1","2575621","1012221","1337825","325605","3913446",4.1085,13876.4,4815.912,27691.019,NA,57.3073911547781,NA,34777454
"79","MK","Europe","Southern Europe","42.8","18.7","24.1","8.9","33","51.6","36.1","213402","82.9","93097","44166","164471","120304","257568",1.5,1041.249,349.314,2083.38,74.5168241807954,89.3808792852364,"79.2",94541
"80","ML","Africa","Sub-Saharan Africa","17.5","17.1","0.4","20.8","21.2","38.3","44.7","822161","45.7","803852","977188","995497","18309","1799349",5.9215,10105.66,3244.785,20250.834,12.7206409600135,125.010156372333,NA,66885
"81","MM","Asia","South-eastern Asia","33.3","32.4","0.9","8.2","9.1","41.4","78.1","5045464","80.3","4907448","1238606","1376621","138015","6284069",2.17,28189.604,10732.756,54409.794,23.621081950267,144.364303857026,"19.4",81951
"82","MN","Asia","Eastern Asia","40.8","37.2","3.6","12.7","16.4","53.5","69.4","350150","76.2","319076","109461","140534","31073","459610",2.9023,1663.253,563.602,3278.292,23.7142651737061,133.115709714516,"55.0",33358
"83","MT","Europe","Southern Europe","59.2","47","12.1","3.6","15.8","62.8","74.9","57133","94.2","45407","3505","15232","11727","60639",1.45,220.119,66.644,441.539,81.0119110762945,143.38875262432,"87.0",159204
"84","MU","Africa","Sub-Saharan Africa","42.8","28.3","14.5","7.6","22.2","50.4","56","137714","84.9","90925","24529","71318","46789","162243",1.3885,644.287,226.47,1271.767,55.4032403002657,150.412653880267,"63.9",71195
"85","MV","Asia","Southern Asia","15.3","12","3.3","21.6","24.9","36.9","32.6","17528","41.4","13789","24786","28525","3739","42314",1.88,197.614,71.289,540.542,63.1856658848485,132.775130239166,NA,37461
"86","MW","Africa","Sub-Saharan Africa","48.6","47.7","0.9","12.9","13.8","61.5","77.6","2366959","79","2325518","629925","671366","41441","2996884",4.25,9695.918,3262.562,19129.955,13.7821643919877,52.2985107333254,NA,1359117
"87","MX","Americas","Latin America and the Caribbean","55.5","52.9","2.5","9.4","11.9","64.8","81.6","19484016","85.5","18594057","3292439","4182399","889960","22776455",2.14,65861.267,24430.85,128932.753,63.8522490942939,95.3197609919956,"71.3",851650
"88","MY","Asia","South-eastern Asia","34.2","24.4","9.7","8.9","18.7","43.1","56.7","3001130","79.3","2147082","785523","1639571","854048","3786653",2.0105,15735.185,5878.299,32365.998,80.1404790103961,135.091149202594,"87.7",137404
"89","NE","Africa","Sub-Saharan Africa","16","15.3","0.7","15.5","16.2","31.4","48.6","848492","50.8","811348","820314","857458","37144","1668806",6.95,12036.471,3656.705,24206.636,10.2243115586561,58.8226934720897,"5.3",2504298
"90","NG","Africa","Sub-Saharan Africa","17.2","13","4.1","14.8","18.9","32","40.8","8391856","53.7","6372467","7238143","9257531","2019389","15629999",5.4168,101669.95,33679.719,206139.587,NA,99.073001450488,NA,698509
"91","NI","Americas","Latin America and the Caribbean","52.8","50.9","1.9","5.1","7","57.9","87.8","962885","91.2","927951","93454","128388","34934","1056339",2.42,3359.705,1241.503,6624.554,27.8630400087748,90.2170772553141,NA,77131
"92","NL","Europe","Western Europe","63.1","60.9","2.2","5.4","7.6","68.5","88.9","2281402","92.1","2202816","195223","273809","78586","2476624",1.66,8597.728,2573.146,17134.873,93.1972789115646,124.979048574159,"89.5",972928
"93","NO","Europe","Northern Europe","66.5","62","4.5","3.6","8.1","70.1","88.5","813007","94.9","757836","43757","98928","55171","856764",1.68,2681.259,853.327,5421.242,96.3576012951191,107.458495204327,"96.0",133536
"94","NP","Asia","Southern Asia","41.4","36.8","4.7","17.4","22.1","58.9","62.4","3805456","70.4","3376892","1602340","2030903","428564","5407796",1.934,15788.373,6206.417,29136.808,21.4035104339664,131.150261895538,NA,355047
"95","NZ","Oceania","Australia and New Zealand","64.5","60.7","3.8","4.4","8.2","68.9","88.1","711707","93.6","669839","48880","90748","41868","760587",1.9,2452.07,770.128,4822.233,90.8110930723827,127.492802608252,NA,360393
"96","OM","Asia","Western Asia","20.9","14.6","6.4","15.1","21.4","36","40.5","208296","58.1","145008","149936","213225","63289","358233",2.93,1736.392,604.358,5106.622,80.185635733257,133.846959602178,"97.2",1821257
"97","PA","Americas","Latin America and the Caribbean","47.3","44.6","2.7","14","16.7","61.3","72.8","525309","77.1","495657","155638","185291","29652","680948",2.4688,2154.888,776.094,4314.768,59.9506309038683,135.01718632779,"63.8",1968485
"98","PE","Americas","Latin America and the Caribbean","55","42","13.1","5.2","18.2","60.2","69.7","4830689","91.4","3685154","453560","1599095","1145535","5284249",2.27,16593.24,6002.819,32971.846,50.4504121848143,133.447151622108,"62.5",31823
"99","PG","Oceania","Melanesia","27.5","22.9","4.6","17.6","22.3","45.2","50.7","636127","60.9","529229","407614","514511","106898","1043740",3.5883,4378.955,1600.709,8947.027,11.2091965928578,53.8503082142174,NA,31884
"100","PH","Asia","South-eastern Asia","35.3","26.3","9","10.1","19.1","45.4","57.9","10205428","77.7","7609148","2928009","5524289","2596280","13133437",2.58,54552.26,19708.159,109581.085,60.0547603336913,136.501126590487,"...",2115045
"101","PK","Asia","Southern Asia","25.3","19","6.3","11.5","17.7","36.8","51.8","14301775","68.8","10759251","6481274","10023798","3542523","20783049",3.55,107220.324,37837.252,220892.331,17.1051458620478,79.5067696779345,"12.9",1506019
"102","PL","Europe","Eastern Europe","53.7","43","10.8","5.7","16.4","59.4","72.3","4612604","90.4","3689372","487050","1410282","923232","5099654",1.4202,19508.722,6097.144,37846.605,75.9853659493832,130.39667937507,"83.0",282805
"103","PT","Europe","Southern Europe","59.8","50.6","9.2","4.5","13.6","64.2","78.8","1318575","93","1116580","98952","300947","201995","1417526",1.288,5372.673,1679.607,10196.707,73.7912139515729,116.262992304674,"76.9",153391
"104","PY","Americas","Latin America and the Caribbean","58.5","54.5","4","8.2","12.2","66.7","81.7","1107956","87.7","1031451","155020","231526","76506","1262976",2.4455,3508.17,1260.309,7132.53,61.0757562215797,110.270004870637,"75.0",769777
"105","QA","Asia","Western Asia","30.5","25.7","4.9","9.5","14.4","40.1","64","140114","76.2","117794","43813","66133","22320","183927",1.8805,715.925,282.887,2881.06,97.3888491654164,131.844641525165,"99.3",16433531
"106","RO","Europe","Eastern Europe","54.3","44.5","9.8","5.4","15.2","59.7","74.6","2253586","90.9","1847662","224618","630542","405924","2478204",1.6198,9883.77,3037.317,19237.682,63.7472821822484,117.436130978505,"76.8",34489
"107","RS","Europe","Southern Europe","46.5","27.1","19.4","6.1","25.5","52.6","51.5","919628","88.4","536293","120745","504080","383335","1040373",1.4612,4457.719,1416.705,8737.37,70.3308355269141,120.216859464106,"75.1",1190584
"108","RU","Europe","Eastern Europe","48.6","41.4","7.3","6.4","13.7","55.1","75.1","16406802","88.3","13951490","2167358","4622670","2455312","18574160",1.8205,78294.161,23287.806,145934.46,76.0081385339105,163.589335738943,"84.5",180623
"109","RW","Africa","Sub-Saharan Africa","33.7","31.2","2.5","11.5","14","45.2","69.1","1142003","74.5","1058158","390397","474242","83845","1532399",4.1,6584.778,2281.737,12952.209,21.7676326213782,81.9505045390681,NA,829900
"110","SA","Asia","Western Asia","18.5","15.1","3.5","15.2","18.6","33.7","44.7","1597847","55","1300116","1308670","1606400","297731","2906517",2.34,14682.559,5780.712,34813.867,94.1755996113911,124.132817634672,"98.4",379249
"111","SB","Oceania","Melanesia","23.5","19.3","4.2","12.8","16.9","36.3","53.4","39511","64.8","32521","21432","28421","6989","60943",4.435,337.616,118.391,686.878,11.9242290619686,69.0072850728798,NA,47309
"112","SE","Europe","Northern Europe","60.2","57.4","2.8","6.1","8.9","66.4","86.6","1298489","90.8","1238229","132108","192368","60260","1430597",1.85,5040.323,1456.323,10099.27,93.0062669652127,126.6610986047,"93.6",173346
"113","SG","Asia","South-eastern Asia","39.3","34.8","4.5","5.7","10.2","45","77.2","541476","87.3","479110","78742","141108","62366","620218",1.209,2788.086,990.335,5850.343,84.4522678893074,144.347116801035,"90.9",202185
"114","SI","Europe","Southern Europe","52.8","43.9","8.9","3.2","12.1","56","78.3","222048","94.2","184586","13601","51064","37462","235650",1.6,1043.702,306.998,2078.932,78.8854263554775,122.701831415848,"86.0",2671079
"115","SK","Europe","Eastern Europe","55.7","47.1","8.6","4.3","12.8","60","78.6","708586","92.9","599466","54084","163203","109120","762670",1.502,2801.164,903.894,5459.643,81.6256675172655,133.519871815771,"89.7",40101
"116","SL","Africa","Sub-Saharan Africa","26.2","25.7","0.4","20.2","20.7","46.4","55.5","527850","56.4","519312","408111","416649","8538","935960",4.319,3995.746,1371.276,7976.985,13.2369304328394,86.3008107200429,NA,39477
"117","SN","Africa","Sub-Saharan Africa","20.9","19.8","1.1","15","16.1","35.8","55.1","884027","58.2","837716","635975","682287","46312","1520003",4.65,8573.145,2874.232,16743.93,29.6431236694156,113.945480053753,NA,4939250
"118","SR","Americas","Latin America and the Caribbean","33.1","32.8","0.4","15.1","15.4","48.2","68","49451","68.8","48887","22472","23037","565","71924",2.4298,291.812,104.483,586.634,48.9451739738554,153.305479414693,NA,31944
"119","ST","Africa","Sub-Saharan Africa","37.7","35","2.8","21","23.7","58.7","59.6","19983","64.3","18521","11110","12572","1462","31093",4.35,109.486,37.204,219.161,29.9312292018213,79.4870390903408,NA,171364
"120","SV","Americas","Latin America and the Caribbean","51.6","48.7","2.9","8.3","11.3","59.9","81.2","944059","86.1","890205","152120","205974","53855","1096179",2.0529,3449.777,1257.089,6486.201,33.8207289048526,153.387073026523,"52.4",2100481
"121","SZ","Africa","Sub-Saharan Africa","54","53.1","1","9.8","10.8","63.9","83.1","171148","84.6","168050","31167","34265","3098","202315",3.0257,589.928,219.042,1160.164,30.3,107.140025030944,NA,2219348
"122","TD","Africa","Sub-Saharan Africa","7","6.4","0.6","19","19.5","25.9","24.7","270250","26.9","248135","734681","756796","22115","1004931",5.7973,8225.689,2621.996,16425.859,6.49999811951501,52.8870262167031,NA,183167
"123","TH","Asia","South-eastern Asia","53","51.5","1.5","4.2","5.7","57.2","90","8998395","92.6","8741582","716411","973225","256813","9714807",1.5346,35833.918,12546.516,69799.978,52.8919293439676,166.610367699543,"76.8",124311
"124","TJ","Asia","Central Asia","23.6","21.8","1.8","16.2","18","39.8","54.7","563943","59.4","520027","386197","430113","43916","950140",3.6075,4731.904,1553.163,9537.642,21.959999999615,121.455558473816,NA,3141055
"125","TN","Africa","Northern Africa","30.8","26.4","4.4","7.3","11.7","38.1","69.3","930184","80.9","797340","220196","353040","132844","1150381",2.2,5957.866,2086.519,11818.618,55.5001550633671,125.673371821192,"61.1",867152
"126","TO","Oceania","Polynesia","18","15.3","2.6","13.4","16.1","31.4","48.8","4688","57.2","4002","3508","4193","686","8195",3.5763,52.793,18.853,105.697,41.248727643705,58.6593500165571,NA,90844819
"127","TR","Asia","Western Asia","48.2","33.4","14.8","6.4","21.2","54.6","61.1","10641535","88.3","7366018","1405559","4681076","3275517","12047094",2.08,42702.942,15652.752,84339.067,64.6846176835371,97.3784829751555,"72.1",127338
"128","TZ","Africa","Sub-Saharan Africa","36.3","31.8","4.6","15.4","20","51.8","61.4","5298194","70.2","4630373","2247524","2915344","667821","7545718",4.9237,29883.105,9867.235,59734.213,15.9999994306893,85.7468879897281,NA,396399
"129","UG","Africa","Sub-Saharan Africa","34.9","31.8","3.1","18.6","21.7","53.5","59.4","3959872","65.2","3610578","2115785","2465079","349294","6075656",5.01,23194.411,7625.266,45741,23.7065309106142,60.5342750761915,NA,32692
"130","VN","Asia","South-eastern Asia","59.1","49.7","9.4","3.7","13.2","62.9","79","15021852","94","12622936","952589","3351505","2398916","15974441",2.0556,48740.329,17084.868,97338.583,58.1400000036297,142.733361661259,"67.0",6154934
"131","YE","Asia","Western Asia","27.2","20.2","6.9","14.8","21.8","42","48.2","2130023","64.7","1586016","1162182","1706188","544006","3292205",3.8372,14800.983,5078.415,29825.968,26.7183547662977,50.8885479778625,NA,32039
"132","ZA","Africa","Sub-Saharan Africa","50.5","50.2","0.2","11.2","11.4","61.6","81.5","8215177","81.9","8181230","1817148","1851096","33948","10032326",2.4139,30092.678,10838.003,59308.69,56.1673944673383,161.796591696765,NA,1467722
"133","ZW","Africa","Sub-Saharan Africa","49.2","48.8","0.5","7.7","8.2","56.9","85.7","1942999","86.5","1925183","303865","321682","17816","2246865",3.6255,7770.917,2690.36,14862.927,27.0554876878336,88.7558060580812,"29.7",100898
