app,lang,reviews,install,minInstall,maxInstall,score,ratings,reviews,hist1,hist2,hist3,hist4,hist5
com.ovuline.fertility,ca,3,"1,000,000+",1000000,2286655,4.593197,64974,19894,2740,1250,2500,6720,51763
com.ovuline.fertility,bg,4,"1,000,000+",1000000,2286655,4.593197,64974,19894,2740,1250,2500,6720,51763
com.ovuline.fertility,uk,2,"1,000,000+",1000000,2286655,4.593197,64974,19894,2740,1250,2500,6720,51763
com.ovuline.fertility,cs,6,"1,000,000+",1000000,2286655,4.593197,64974,19894,2740,1250,2500,6720,51763
com.ovuline.fertility,pt,73,"1,000,000+",1000000,2286655,4.593197,64974,19894,2740,1250,2500,6720,51763
com.ovuline.fertility,he,12,"1,000,000+",1000000,2286655,4.593197,64974,19894,2740,1250,2500,6720,51763
com.ovuline.fertility,hr,7,"1,000,000+",1000000,2286655,4.593197,64974,19894,2740,1250,2500,6720,51763
com.ovuline.fertility,it,69,"1,000,000+",1000000,2286655,4.593197,64974,19894,2740,1250,2500,6720,51763
com.ovuline.fertility,sl,4,"1,000,000+",1000000,2286655,4.593197,64974,19894,2740,1250,2500,6720,51763
com.ovuline.fertility,de,34,"1,000,000+",1000000,2286655,4.593197,64974,19894,2740,1250,2500,6720,51763
com.ovuline.fertility,da,5,"1,000,000+",1000000,2286655,4.593197,64974,19894,2740,1250,2500,6720,51763
com.ovuline.fertility,fi,1,"1,000,000+",1000000,2286655,4.593197,64974,19894,2740,1250,2500,6720,51763
com.ovuline.fertility,hu,10,"1,000,000+",1000000,2286655,4.593197,64974,19894,2740,1250,2500,6720,51763
com.ovuline.fertility,es,239,"1,000,000+",1000000,2286655,4.593197,64974,19894,2740,1250,2500,6720,51763
com.ovuline.fertility,ro,17,"1,000,000+",1000000,2286655,4.593197,64974,19894,2740,1250,2500,6720,51763
com.ovuline.fertility,sk,3,"1,000,000+",1000000,2286655,4.593197,64974,19894,2740,1250,2500,6720,51763
com.ovuline.fertility,id,25,"1,000,000+",1000000,2286655,4.593197,64974,19894,2740,1250,2500,6720,51763
com.ovuline.fertility,ru,28,"1,000,000+",1000000,2286655,4.593197,64974,19894,2740,1250,2500,6720,51763
com.ovuline.fertility,fr,62,"1,000,000+",1000000,2286655,4.593197,64974,19894,2740,1250,2500,6720,51763
com.ovuline.fertility,sr,2,"1,000,000+",1000000,2286655,4.593197,64974,19894,2740,1250,2500,6720,51763
com.ovuline.fertility,el,5,"1,000,000+",1000000,2286655,4.593197,64974,19894,2740,1250,2500,6720,51763
com.ovuline.fertility,sv,11,"1,000,000+",1000000,2286655,4.593197,64974,19894,2740,1250,2500,6720,51763
com.ovuline.fertility,pl,16,"1,000,000+",1000000,2286655,4.593197,64974,19894,2740,1250,2500,6720,51763
com.ovuline.fertility,ja,1,"1,000,000+",1000000,2286655,4.593197,64974,19894,2740,1250,2500,6720,51763
com.ovuline.fertility,en,17910,"1,000,000+",1000000,2286655,4.593197,64974,19894,2740,1250,2500,6720,51763
com.ovuline.fertility,zh-CN,1,"1,000,000+",1000000,2286655,4.593197,64974,19894,2740,1250,2500,6720,51763
com.ovuline.fertility,no,5,"1,000,000+",1000000,2286655,4.593197,64974,19894,2740,1250,2500,6720,51763
com.ovuline.fertility,nl,39,"1,000,000+",1000000,2286655,4.593197,64974,19894,2740,1250,2500,6720,51763
com.ovuline.fertility,ms,1,"1,000,000+",1000000,2286655,4.593197,64974,19894,2740,1250,2500,6720,51763
com.ovuline.fertility,lv,5,"1,000,000+",1000000,2286655,4.593197,64974,19894,2740,1250,2500,6720,51763
com.ovuline.fertility,zh-HK,1,"1,000,000+",1000000,2286655,4.593197,64974,19894,2740,1250,2500,6720,51763
com.ovuline.fertility,lt,2,"1,000,000+",1000000,2286655,4.593197,64974,19894,2740,1250,2500,6720,51763
com.ovuline.fertility,tr,5,"1,000,000+",1000000,2286655,4.593197,64974,19894,2740,1250,2500,6720,51763
com.ladytimer.ovulationcalendar,th,199,"5,000,000+",5000000,5925341,4.7451406,82811,24735,1349,729,2549,8418,69763
com.ladytimer.ovulationcalendar,ca,6,"5,000,000+",5000000,5925341,4.7451406,82811,24735,1349,729,2549,8418,69763
com.ladytimer.ovulationcalendar,bg,76,"5,000,000+",5000000,5925341,4.7451406,82811,24735,1349,729,2549,8418,69763
com.ladytimer.ovulationcalendar,uk,58,"5,000,000+",5000000,5925341,4.7451406,82811,24735,1349,729,2549,8418,69763
com.ladytimer.ovulationcalendar,cs,82,"5,000,000+",5000000,5925341,4.7451406,82811,24735,1349,729,2549,8418,69763
com.ladytimer.ovulationcalendar,et,1,"5,000,000+",5000000,5925341,4.7451406,82811,24735,1349,729,2549,8418,69763
com.ladytimer.ovulationcalendar,pt,796,"5,000,000+",5000000,5925341,4.7451406,82811,24735,1349,729,2549,8418,69763
com.ladytimer.ovulationcalendar,he,2,"5,000,000+",5000000,5925341,4.7451406,82811,24735,1349,729,2549,8418,69763
com.ladytimer.ovulationcalendar,hr,14,"5,000,000+",5000000,5925341,4.7451406,82811,24735,1349,729,2549,8418,69763
com.ladytimer.ovulationcalendar,it,418,"5,000,000+",5000000,5925341,4.7451406,82811,24735,1349,729,2549,8418,69763
com.ladytimer.ovulationcalendar,sl,3,"5,000,000+",5000000,5925341,4.7451406,82811,24735,1349,729,2549,8418,69763
com.ladytimer.ovulationcalendar,de,1200,"5,000,000+",5000000,5925341,4.7451406,82811,24735,1349,729,2549,8418,69763
com.ladytimer.ovulationcalendar,da,10,"5,000,000+",5000000,5925341,4.7451406,82811,24735,1349,729,2549,8418,69763
com.ladytimer.ovulationcalendar,fi,20,"5,000,000+",5000000,5925341,4.7451406,82811,24735,1349,729,2549,8418,69763
com.ladytimer.ovulationcalendar,hu,66,"5,000,000+",5000000,5925341,4.7451406,82811,24735,1349,729,2549,8418,69763
com.ladytimer.ovulationcalendar,ko,17,"5,000,000+",5000000,5925341,4.7451406,82811,24735,1349,729,2549,8418,69763
com.ladytimer.ovulationcalendar,es,4998,"5,000,000+",5000000,5925341,4.7451406,82811,24735,1349,729,2549,8418,69763
com.ladytimer.ovulationcalendar,ro,157,"5,000,000+",5000000,5925341,4.7451406,82811,24735,1349,729,2549,8418,69763
com.ladytimer.ovulationcalendar,sk,30,"5,000,000+",5000000,5925341,4.7451406,82811,24735,1349,729,2549,8418,69763
com.ladytimer.ovulationcalendar,id,494,"5,000,000+",5000000,5925341,4.7451406,82811,24735,1349,729,2549,8418,69763
com.ladytimer.ovulationcalendar,ru,2045,"5,000,000+",5000000,5925341,4.7451406,82811,24735,1349,729,2549,8418,69763
com.ladytimer.ovulationcalendar,fr,204,"5,000,000+",5000000,5925341,4.7451406,82811,24735,1349,729,2549,8418,69763
com.ladytimer.ovulationcalendar,sr,12,"5,000,000+",5000000,5925341,4.7451406,82811,24735,1349,729,2549,8418,69763
com.ladytimer.ovulationcalendar,el,35,"5,000,000+",5000000,5925341,4.7451406,82811,24735,1349,729,2549,8418,69763
com.ladytimer.ovulationcalendar,sv,62,"5,000,000+",5000000,5925341,4.7451406,82811,24735,1349,729,2549,8418,69763
com.ladytimer.ovulationcalendar,pl,369,"5,000,000+",5000000,5925341,4.7451406,82811,24735,1349,729,2549,8418,69763
com.ladytimer.ovulationcalendar,hi,2,"5,000,000+",5000000,5925341,4.7451406,82811,24735,1349,729,2549,8418,69763
com.ladytimer.ovulationcalendar,ja,7,"5,000,000+",5000000,5925341,4.7451406,82811,24735,1349,729,2549,8418,69763
com.ladytimer.ovulationcalendar,en,2588,"5,000,000+",5000000,5925341,4.7451406,82811,24735,1349,729,2549,8418,69763
com.ladytimer.ovulationcalendar,zh-CN,23,"5,000,000+",5000000,5925341,4.7451406,82811,24735,1349,729,2549,8418,69763
com.ladytimer.ovulationcalendar,vi,109,"5,000,000+",5000000,5925341,4.7451406,82811,24735,1349,729,2549,8418,69763
com.ladytimer.ovulationcalendar,no,23,"5,000,000+",5000000,5925341,4.7451406,82811,24735,1349,729,2549,8418,69763
com.ladytimer.ovulationcalendar,nl,67,"5,000,000+",5000000,5925341,4.7451406,82811,24735,1349,729,2549,8418,69763
com.ladytimer.ovulationcalendar,ms,7,"5,000,000+",5000000,5925341,4.7451406,82811,24735,1349,729,2549,8418,69763
com.ladytimer.ovulationcalendar,lv,4,"5,000,000+",5000000,5925341,4.7451406,82811,24735,1349,729,2549,8418,69763
com.ladytimer.ovulationcalendar,zh-HK,33,"5,000,000+",5000000,5925341,4.7451406,82811,24735,1349,729,2549,8418,69763
com.ladytimer.ovulationcalendar,lt,2,"5,000,000+",5000000,5925341,4.7451406,82811,24735,1349,729,2549,8418,69763
co.quanyong.pinkbird,th,798,"1,000,000+",1000000,3735052,4.825878,136786,35914,1353,616,2735,11082,120997
co.quanyong.pinkbird,ca,5,"1,000,000+",1000000,3735052,4.825878,136786,35914,1353,616,2735,11082,120997
co.quanyong.pinkbird,fil,2,"1,000,000+",1000000,3735052,4.825878,136786,35914,1353,616,2735,11082,120997
co.quanyong.pinkbird,bg,6,"1,000,000+",1000000,3735052,4.825878,136786,35914,1353,616,2735,11082,120997
co.quanyong.pinkbird,uk,137,"1,000,000+",1000000,3735052,4.825878,136786,35914,1353,616,2735,11082,120997
co.quanyong.pinkbird,cs,11,"1,000,000+",1000000,3735052,4.825878,136786,35914,1353,616,2735,11082,120997
co.quanyong.pinkbird,et,3,"1,000,000+",1000000,3735052,4.825878,136786,35914,1353,616,2735,11082,120997
co.quanyong.pinkbird,pt,398,"1,000,000+",1000000,3735052,4.825878,136786,35914,1353,616,2735,11082,120997
co.quanyong.pinkbird,he,2,"1,000,000+",1000000,3735052,4.825878,136786,35914,1353,616,2735,11082,120997
co.quanyong.pinkbird,hr,9,"1,000,000+",1000000,3735052,4.825878,136786,35914,1353,616,2735,11082,120997
co.quanyong.pinkbird,it,34,"1,000,000+",1000000,3735052,4.825878,136786,35914,1353,616,2735,11082,120997
co.quanyong.pinkbird,sl,4,"1,000,000+",1000000,3735052,4.825878,136786,35914,1353,616,2735,11082,120997
co.quanyong.pinkbird,de,138,"1,000,000+",1000000,3735052,4.825878,136786,35914,1353,616,2735,11082,120997
co.quanyong.pinkbird,da,5,"1,000,000+",1000000,3735052,4.825878,136786,35914,1353,616,2735,11082,120997
co.quanyong.pinkbird,fi,6,"1,000,000+",1000000,3735052,4.825878,136786,35914,1353,616,2735,11082,120997
co.quanyong.pinkbird,hu,8,"1,000,000+",1000000,3735052,4.825878,136786,35914,1353,616,2735,11082,120997
co.quanyong.pinkbird,ko,32,"1,000,000+",1000000,3735052,4.825878,136786,35914,1353,616,2735,11082,120997
co.quanyong.pinkbird,es,9037,"1,000,000+",1000000,3735052,4.825878,136786,35914,1353,616,2735,11082,120997
co.quanyong.pinkbird,ro,35,"1,000,000+",1000000,3735052,4.825878,136786,35914,1353,616,2735,11082,120997
co.quanyong.pinkbird,sk,6,"1,000,000+",1000000,3735052,4.825878,136786,35914,1353,616,2735,11082,120997
co.quanyong.pinkbird,id,1832,"1,000,000+",1000000,3735052,4.825878,136786,35914,1353,616,2735,11082,120997
co.quanyong.pinkbird,ru,398,"1,000,000+",1000000,3735052,4.825878,136786,35914,1353,616,2735,11082,120997
co.quanyong.pinkbird,fr,127,"1,000,000+",1000000,3735052,4.825878,136786,35914,1353,616,2735,11082,120997
co.quanyong.pinkbird,sr,10,"1,000,000+",1000000,3735052,4.825878,136786,35914,1353,616,2735,11082,120997
co.quanyong.pinkbird,el,16,"1,000,000+",1000000,3735052,4.825878,136786,35914,1353,616,2735,11082,120997
co.quanyong.pinkbird,sv,8,"1,000,000+",1000000,3735052,4.825878,136786,35914,1353,616,2735,11082,120997
co.quanyong.pinkbird,pl,33,"1,000,000+",1000000,3735052,4.825878,136786,35914,1353,616,2735,11082,120997
co.quanyong.pinkbird,ja,12,"1,000,000+",1000000,3735052,4.825878,136786,35914,1353,616,2735,11082,120997
co.quanyong.pinkbird,en,4609,"1,000,000+",1000000,3735052,4.825878,136786,35914,1353,616,2735,11082,120997
co.quanyong.pinkbird,zh-CN,108,"1,000,000+",1000000,3735052,4.825878,136786,35914,1353,616,2735,11082,120997
co.quanyong.pinkbird,vi,2557,"1,000,000+",1000000,3735052,4.825878,136786,35914,1353,616,2735,11082,120997
co.quanyong.pinkbird,no,8,"1,000,000+",1000000,3735052,4.825878,136786,35914,1353,616,2735,11082,120997
co.quanyong.pinkbird,nl,22,"1,000,000+",1000000,3735052,4.825878,136786,35914,1353,616,2735,11082,120997
co.quanyong.pinkbird,ms,61,"1,000,000+",1000000,3735052,4.825878,136786,35914,1353,616,2735,11082,120997
co.quanyong.pinkbird,lv,4,"1,000,000+",1000000,3735052,4.825878,136786,35914,1353,616,2735,11082,120997
co.quanyong.pinkbird,zh-HK,186,"1,000,000+",1000000,3735052,4.825878,136786,35914,1353,616,2735,11082,120997
co.quanyong.pinkbird,lt,8,"1,000,000+",1000000,3735052,4.825878,136786,35914,1353,616,2735,11082,120997
co.quanyong.pinkbird,tr,14,"1,000,000+",1000000,3735052,4.825878,136786,35914,1353,616,2735,11082,120997
com.imzhiqiang.period,es,2,"1,000+",1000,3739,4.4461536,65,14,4,1,2,13,45
com.imzhiqiang.period,en,11,"1,000+",1000,3739,4.4461536,65,14,4,1,2,13,45
com.clue.android,th,57,"10,000,000+",10000000,39427587,4.702461,1062265,302966,32145,16382,25203,87926,900606
com.clue.android,ca,126,"10,000,000+",10000000,39427587,4.702461,1062265,302966,32145,16382,25203,87926,900606
com.clue.android,bg,66,"10,000,000+",10000000,39427587,4.702461,1062265,302966,32145,16382,25203,87926,900606
com.clue.android,uk,199,"10,000,000+",10000000,39427587,4.702461,1062265,302966,32145,16382,25203,87926,900606
com.clue.android,cs,118,"10,000,000+",10000000,39427587,4.702461,1062265,302966,32145,16382,25203,87926,900606
com.clue.android,et,26,"10,000,000+",10000000,39427587,4.702461,1062265,302966,32145,16382,25203,87926,900606
com.clue.android,pt,11088,"10,000,000+",10000000,39427587,4.702461,1062265,302966,32145,16382,25203,87926,900606
com.clue.android,he,138,"10,000,000+",10000000,39427587,4.702461,1062265,302966,32145,16382,25203,87926,900606
com.clue.android,hr,91,"10,000,000+",10000000,39427587,4.702461,1062265,302966,32145,16382,25203,87926,900606
com.clue.android,it,3781,"10,000,000+",10000000,39427587,4.702461,1062265,302966,32145,16382,25203,87926,900606
com.clue.android,sl,58,"10,000,000+",10000000,39427587,4.702461,1062265,302966,32145,16382,25203,87926,900606
com.clue.android,de,1393,"10,000,000+",10000000,39427587,4.702461,1062265,302966,32145,16382,25203,87926,900606
com.clue.android,da,399,"10,000,000+",10000000,39427587,4.702461,1062265,302966,32145,16382,25203,87926,900606
com.clue.android,fi,191,"10,000,000+",10000000,39427587,4.702461,1062265,302966,32145,16382,25203,87926,900606
com.clue.android,hu,63,"10,000,000+",10000000,39427587,4.702461,1062265,302966,32145,16382,25203,87926,900606
com.clue.android,ko,843,"10,000,000+",10000000,39427587,4.702461,1062265,302966,32145,16382,25203,87926,900606
com.clue.android,es,10746,"10,000,000+",10000000,39427587,4.702461,1062265,302966,32145,16382,25203,87926,900606
com.clue.android,ro,187,"10,000,000+",10000000,39427587,4.702461,1062265,302966,32145,16382,25203,87926,900606
com.clue.android,sk,52,"10,000,000+",10000000,39427587,4.702461,1062265,302966,32145,16382,25203,87926,900606
com.clue.android,is,7,"10,000,000+",10000000,39427587,4.702461,1062265,302966,32145,16382,25203,87926,900606
com.clue.android,id,309,"10,000,000+",10000000,39427587,4.702461,1062265,302966,32145,16382,25203,87926,900606
com.clue.android,ru,12,"10,000,000+",10000000,39427587,4.702461,1062265,302966,32145,16382,25203,87926,900606
com.clue.android,fr,10350,"10,000,000+",10000000,39427587,4.702461,1062265,302966,32145,16382,25203,87926,900606
com.clue.android,sr,59,"10,000,000+",10000000,39427587,4.702461,1062265,302966,32145,16382,25203,87926,900606
com.clue.android,el,134,"10,000,000+",10000000,39427587,4.702461,1062265,302966,32145,16382,25203,87926,900606
com.clue.android,sv,526,"10,000,000+",10000000,39427587,4.702461,1062265,302966,32145,16382,25203,87926,900606
com.clue.android,pl,840,"10,000,000+",10000000,39427587,4.702461,1062265,302966,32145,16382,25203,87926,900606
com.clue.android,hi,4,"10,000,000+",10000000,39427587,4.702461,1062265,302966,32145,16382,25203,87926,900606
com.clue.android,ja,527,"10,000,000+",10000000,39427587,4.702461,1062265,302966,32145,16382,25203,87926,900606
com.clue.android,en,3582,"10,000,000+",10000000,39427587,4.702461,1062265,302966,32145,16382,25203,87926,900606
com.clue.android,zh-CN,146,"10,000,000+",10000000,39427587,4.702461,1062265,302966,32145,16382,25203,87926,900606
com.clue.android,vi,127,"10,000,000+",10000000,39427587,4.702461,1062265,302966,32145,16382,25203,87926,900606
com.clue.android,no,142,"10,000,000+",10000000,39427587,4.702461,1062265,302966,32145,16382,25203,87926,900606
com.clue.android,nl,546,"10,000,000+",10000000,39427587,4.702461,1062265,302966,32145,16382,25203,87926,900606
com.clue.android,ms,4,"10,000,000+",10000000,39427587,4.702461,1062265,302966,32145,16382,25203,87926,900606
com.clue.android,lv,55,"10,000,000+",10000000,39427587,4.702461,1062265,302966,32145,16382,25203,87926,900606
com.clue.android,af,1,"10,000,000+",10000000,39427587,4.702461,1062265,302966,32145,16382,25203,87926,900606
com.clue.android,zh-HK,313,"10,000,000+",10000000,39427587,4.702461,1062265,302966,32145,16382,25203,87926,900606
com.clue.android,lt,58,"10,000,000+",10000000,39427587,4.702461,1062265,302966,32145,16382,25203,87926,900606
com.clue.android,tr,352,"10,000,000+",10000000,39427587,4.702461,1062265,302966,32145,16382,25203,87926,900606
com.brc.PeriodTrackerDiary,bg,2,"1,000,000+",1000000,1253543,4.685193,22961,7657,468,239,737,3160,18354
com.brc.PeriodTrackerDiary,uk,2,"1,000,000+",1000000,1253543,4.685193,22961,7657,468,239,737,3160,18354
com.brc.PeriodTrackerDiary,cs,6,"1,000,000+",1000000,1253543,4.685193,22961,7657,468,239,737,3160,18354
com.brc.PeriodTrackerDiary,pt,3229,"1,000,000+",1000000,1253543,4.685193,22961,7657,468,239,737,3160,18354
com.brc.PeriodTrackerDiary,he,1,"1,000,000+",1000000,1253543,4.685193,22961,7657,468,239,737,3160,18354
com.brc.PeriodTrackerDiary,hr,1,"1,000,000+",1000000,1253543,4.685193,22961,7657,468,239,737,3160,18354
com.brc.PeriodTrackerDiary,it,276,"1,000,000+",1000000,1253543,4.685193,22961,7657,468,239,737,3160,18354
com.brc.PeriodTrackerDiary,de,588,"1,000,000+",1000000,1253543,4.685193,22961,7657,468,239,737,3160,18354
com.brc.PeriodTrackerDiary,hu,181,"1,000,000+",1000000,1253543,4.685193,22961,7657,468,239,737,3160,18354
com.brc.PeriodTrackerDiary,ko,13,"1,000,000+",1000000,1253543,4.685193,22961,7657,468,239,737,3160,18354
com.brc.PeriodTrackerDiary,es,744,"1,000,000+",1000000,1253543,4.685193,22961,7657,468,239,737,3160,18354
com.brc.PeriodTrackerDiary,ro,97,"1,000,000+",1000000,1253543,4.685193,22961,7657,468,239,737,3160,18354
com.brc.PeriodTrackerDiary,id,7,"1,000,000+",1000000,1253543,4.685193,22961,7657,468,239,737,3160,18354
com.brc.PeriodTrackerDiary,ru,704,"1,000,000+",1000000,1253543,4.685193,22961,7657,468,239,737,3160,18354
com.brc.PeriodTrackerDiary,fr,398,"1,000,000+",1000000,1253543,4.685193,22961,7657,468,239,737,3160,18354
com.brc.PeriodTrackerDiary,sr,6,"1,000,000+",1000000,1253543,4.685193,22961,7657,468,239,737,3160,18354
com.brc.PeriodTrackerDiary,el,43,"1,000,000+",1000000,1253543,4.685193,22961,7657,468,239,737,3160,18354
com.brc.PeriodTrackerDiary,sv,13,"1,000,000+",1000000,1253543,4.685193,22961,7657,468,239,737,3160,18354
com.brc.PeriodTrackerDiary,pl,7,"1,000,000+",1000000,1253543,4.685193,22961,7657,468,239,737,3160,18354
com.brc.PeriodTrackerDiary,ja,13,"1,000,000+",1000000,1253543,4.685193,22961,7657,468,239,737,3160,18354
com.brc.PeriodTrackerDiary,en,659,"1,000,000+",1000000,1253543,4.685193,22961,7657,468,239,737,3160,18354
com.brc.PeriodTrackerDiary,vi,1,"1,000,000+",1000000,1253543,4.685193,22961,7657,468,239,737,3160,18354
com.brc.PeriodTrackerDiary,no,5,"1,000,000+",1000000,1253543,4.685193,22961,7657,468,239,737,3160,18354
com.brc.PeriodTrackerDiary,nl,73,"1,000,000+",1000000,1253543,4.685193,22961,7657,468,239,737,3160,18354
com.brc.PeriodTrackerDiary,zh-HK,6,"1,000,000+",1000000,1253543,4.685193,22961,7657,468,239,737,3160,18354
com.brc.PeriodTrackerDiary,lt,1,"1,000,000+",1000000,1253543,4.685193,22961,7657,468,239,737,3160,18354
com.brc.PeriodTrackerDiary,tr,1,"1,000,000+",1000000,1253543,4.685193,22961,7657,468,239,737,3160,18354
com.nurx,es,2,"100,000+",100000,130209,2.92,417,286,175,45,8,12,175
com.nurx,en,283,"100,000+",100000,130209,2.92,417,286,175,45,8,12,175
com.wachanga.womancalendar,th,278,"1,000,000+",1000000,2502408,4.5243917,88784,23911,2564,1267,5473,17219,62259
com.wachanga.womancalendar,ca,85,"1,000,000+",1000000,2502408,4.5243917,88784,23911,2564,1267,5473,17219,62259
com.wachanga.womancalendar,bg,123,"1,000,000+",1000000,2502408,4.5243917,88784,23911,2564,1267,5473,17219,62259
com.wachanga.womancalendar,uk,480,"1,000,000+",1000000,2502408,4.5243917,88784,23911,2564,1267,5473,17219,62259
com.wachanga.womancalendar,cs,586,"1,000,000+",1000000,2502408,4.5243917,88784,23911,2564,1267,5473,17219,62259
com.wachanga.womancalendar,et,28,"1,000,000+",1000000,2502408,4.5243917,88784,23911,2564,1267,5473,17219,62259
com.wachanga.womancalendar,pt,4112,"1,000,000+",1000000,2502408,4.5243917,88784,23911,2564,1267,5473,17219,62259
com.wachanga.womancalendar,he,2,"1,000,000+",1000000,2502408,4.5243917,88784,23911,2564,1267,5473,17219,62259
com.wachanga.womancalendar,hr,53,"1,000,000+",1000000,2502408,4.5243917,88784,23911,2564,1267,5473,17219,62259
com.wachanga.womancalendar,it,180,"1,000,000+",1000000,2502408,4.5243917,88784,23911,2564,1267,5473,17219,62259
com.wachanga.womancalendar,sl,106,"1,000,000+",1000000,2502408,4.5243917,88784,23911,2564,1267,5473,17219,62259
com.wachanga.womancalendar,de,535,"1,000,000+",1000000,2502408,4.5243917,88784,23911,2564,1267,5473,17219,62259
com.wachanga.womancalendar,da,29,"1,000,000+",1000000,2502408,4.5243917,88784,23911,2564,1267,5473,17219,62259
com.wachanga.womancalendar,fi,54,"1,000,000+",1000000,2502408,4.5243917,88784,23911,2564,1267,5473,17219,62259
com.wachanga.womancalendar,hu,417,"1,000,000+",1000000,2502408,4.5243917,88784,23911,2564,1267,5473,17219,62259
com.wachanga.womancalendar,ko,49,"1,000,000+",1000000,2502408,4.5243917,88784,23911,2564,1267,5473,17219,62259
com.wachanga.womancalendar,es,3432,"1,000,000+",1000000,2502408,4.5243917,88784,23911,2564,1267,5473,17219,62259
com.wachanga.womancalendar,ro,201,"1,000,000+",1000000,2502408,4.5243917,88784,23911,2564,1267,5473,17219,62259
com.wachanga.womancalendar,sk,158,"1,000,000+",1000000,2502408,4.5243917,88784,23911,2564,1267,5473,17219,62259
com.wachanga.womancalendar,is,1,"1,000,000+",1000000,2502408,4.5243917,88784,23911,2564,1267,5473,17219,62259
com.wachanga.womancalendar,id,1001,"1,000,000+",1000000,2502408,4.5243917,88784,23911,2564,1267,5473,17219,62259
com.wachanga.womancalendar,ru,995,"1,000,000+",1000000,2502408,4.5243917,88784,23911,2564,1267,5473,17219,62259
com.wachanga.womancalendar,fr,1054,"1,000,000+",1000000,2502408,4.5243917,88784,23911,2564,1267,5473,17219,62259
com.wachanga.womancalendar,sr,77,"1,000,000+",1000000,2502408,4.5243917,88784,23911,2564,1267,5473,17219,62259
com.wachanga.womancalendar,el,81,"1,000,000+",1000000,2502408,4.5243917,88784,23911,2564,1267,5473,17219,62259
com.wachanga.womancalendar,pl,409,"1,000,000+",1000000,2502408,4.5243917,88784,23911,2564,1267,5473,17219,62259
com.wachanga.womancalendar,sw,1,"1,000,000+",1000000,2502408,4.5243917,88784,23911,2564,1267,5473,17219,62259
com.wachanga.womancalendar,hi,2,"1,000,000+",1000000,2502408,4.5243917,88784,23911,2564,1267,5473,17219,62259
com.wachanga.womancalendar,ja,25,"1,000,000+",1000000,2502408,4.5243917,88784,23911,2564,1267,5473,17219,62259
com.wachanga.womancalendar,en,1391,"1,000,000+",1000000,2502408,4.5243917,88784,23911,2564,1267,5473,17219,62259
com.wachanga.womancalendar,zh-CN,47,"1,000,000+",1000000,2502408,4.5243917,88784,23911,2564,1267,5473,17219,62259
com.wachanga.womancalendar,vi,444,"1,000,000+",1000000,2502408,4.5243917,88784,23911,2564,1267,5473,17219,62259
com.wachanga.womancalendar,no,22,"1,000,000+",1000000,2502408,4.5243917,88784,23911,2564,1267,5473,17219,62259
com.wachanga.womancalendar,nl,114,"1,000,000+",1000000,2502408,4.5243917,88784,23911,2564,1267,5473,17219,62259
com.wachanga.womancalendar,ms,33,"1,000,000+",1000000,2502408,4.5243917,88784,23911,2564,1267,5473,17219,62259
com.wachanga.womancalendar,lv,64,"1,000,000+",1000000,2502408,4.5243917,88784,23911,2564,1267,5473,17219,62259
com.wachanga.womancalendar,zh-HK,218,"1,000,000+",1000000,2502408,4.5243917,88784,23911,2564,1267,5473,17219,62259
com.wachanga.womancalendar,lt,256,"1,000,000+",1000000,2502408,4.5243917,88784,23911,2564,1267,5473,17219,62259
com.wachanga.womancalendar,tr,199,"1,000,000+",1000000,2502408,4.5243917,88784,23911,2564,1267,5473,17219,62259
com.womanlog,th,170,"10,000,000+",10000000,10067375,4.458734,128721,40382,6529,3374,6839,19749,92227
com.womanlog,ca,37,"10,000,000+",10000000,10067375,4.458734,128721,40382,6529,3374,6839,19749,92227
com.womanlog,bg,78,"10,000,000+",10000000,10067375,4.458734,128721,40382,6529,3374,6839,19749,92227
com.womanlog,uk,166,"10,000,000+",10000000,10067375,4.458734,128721,40382,6529,3374,6839,19749,92227
com.womanlog,cs,494,"10,000,000+",10000000,10067375,4.458734,128721,40382,6529,3374,6839,19749,92227
com.womanlog,et,4,"10,000,000+",10000000,10067375,4.458734,128721,40382,6529,3374,6839,19749,92227
com.womanlog,pt,1395,"10,000,000+",10000000,10067375,4.458734,128721,40382,6529,3374,6839,19749,92227
com.womanlog,he,59,"10,000,000+",10000000,10067375,4.458734,128721,40382,6529,3374,6839,19749,92227
com.womanlog,hr,47,"10,000,000+",10000000,10067375,4.458734,128721,40382,6529,3374,6839,19749,92227
com.womanlog,it,2314,"10,000,000+",10000000,10067375,4.458734,128721,40382,6529,3374,6839,19749,92227
com.womanlog,sl,6,"10,000,000+",10000000,10067375,4.458734,128721,40382,6529,3374,6839,19749,92227
com.womanlog,de,597,"10,000,000+",10000000,10067375,4.458734,128721,40382,6529,3374,6839,19749,92227
com.womanlog,da,150,"10,000,000+",10000000,10067375,4.458734,128721,40382,6529,3374,6839,19749,92227
com.womanlog,fi,77,"10,000,000+",10000000,10067375,4.458734,128721,40382,6529,3374,6839,19749,92227
com.womanlog,hu,544,"10,000,000+",10000000,10067375,4.458734,128721,40382,6529,3374,6839,19749,92227
com.womanlog,ko,597,"10,000,000+",10000000,10067375,4.458734,128721,40382,6529,3374,6839,19749,92227
com.womanlog,es,998,"10,000,000+",10000000,10067375,4.458734,128721,40382,6529,3374,6839,19749,92227
com.womanlog,ro,58,"10,000,000+",10000000,10067375,4.458734,128721,40382,6529,3374,6839,19749,92227
com.womanlog,sk,70,"10,000,000+",10000000,10067375,4.458734,128721,40382,6529,3374,6839,19749,92227
com.womanlog,is,1,"10,000,000+",10000000,10067375,4.458734,128721,40382,6529,3374,6839,19749,92227
com.womanlog,id,13,"10,000,000+",10000000,10067375,4.458734,128721,40382,6529,3374,6839,19749,92227
com.womanlog,ru,997,"10,000,000+",10000000,10067375,4.458734,128721,40382,6529,3374,6839,19749,92227
com.womanlog,fr,877,"10,000,000+",10000000,10067375,4.458734,128721,40382,6529,3374,6839,19749,92227
com.womanlog,sr,32,"10,000,000+",10000000,10067375,4.458734,128721,40382,6529,3374,6839,19749,92227
com.womanlog,el,248,"10,000,000+",10000000,10067375,4.458734,128721,40382,6529,3374,6839,19749,92227
com.womanlog,sv,312,"10,000,000+",10000000,10067375,4.458734,128721,40382,6529,3374,6839,19749,92227
com.womanlog,pl,996,"10,000,000+",10000000,10067375,4.458734,128721,40382,6529,3374,6839,19749,92227
com.womanlog,hi,1,"10,000,000+",10000000,10067375,4.458734,128721,40382,6529,3374,6839,19749,92227
com.womanlog,ja,661,"10,000,000+",10000000,10067375,4.458734,128721,40382,6529,3374,6839,19749,92227
com.womanlog,en,8160,"10,000,000+",10000000,10067375,4.458734,128721,40382,6529,3374,6839,19749,92227
com.womanlog,zh-CN,1015,"10,000,000+",10000000,10067375,4.458734,128721,40382,6529,3374,6839,19749,92227
com.womanlog,vi,12,"10,000,000+",10000000,10067375,4.458734,128721,40382,6529,3374,6839,19749,92227
com.womanlog,no,84,"10,000,000+",10000000,10067375,4.458734,128721,40382,6529,3374,6839,19749,92227
com.womanlog,nl,318,"10,000,000+",10000000,10067375,4.458734,128721,40382,6529,3374,6839,19749,92227
com.womanlog,ms,8,"10,000,000+",10000000,10067375,4.458734,128721,40382,6529,3374,6839,19749,92227
com.womanlog,lv,75,"10,000,000+",10000000,10067375,4.458734,128721,40382,6529,3374,6839,19749,92227
com.womanlog,zh-HK,199,"10,000,000+",10000000,10067375,4.458734,128721,40382,6529,3374,6839,19749,92227
com.womanlog,lt,175,"10,000,000+",10000000,10067375,4.458734,128721,40382,6529,3374,6839,19749,92227
com.womanlog,tr,235,"10,000,000+",10000000,10067375,4.458734,128721,40382,6529,3374,6839,19749,92227
com.period.tracker.lite,th,37,"10,000,000+",10000000,22204276,4.622324,353618,93456,8838,4214,13423,58706,268434
com.period.tracker.lite,ca,24,"10,000,000+",10000000,22204276,4.622324,353618,93456,8838,4214,13423,58706,268434
com.period.tracker.lite,bg,32,"10,000,000+",10000000,22204276,4.622324,353618,93456,8838,4214,13423,58706,268434
com.period.tracker.lite,uk,44,"10,000,000+",10000000,22204276,4.622324,353618,93456,8838,4214,13423,58706,268434
com.period.tracker.lite,cs,28,"10,000,000+",10000000,22204276,4.622324,353618,93456,8838,4214,13423,58706,268434
com.period.tracker.lite,et,6,"10,000,000+",10000000,22204276,4.622324,353618,93456,8838,4214,13423,58706,268434
com.period.tracker.lite,pt,2388,"10,000,000+",10000000,22204276,4.622324,353618,93456,8838,4214,13423,58706,268434
com.period.tracker.lite,he,71,"10,000,000+",10000000,22204276,4.622324,353618,93456,8838,4214,13423,58706,268434
com.period.tracker.lite,hr,63,"10,000,000+",10000000,22204276,4.622324,353618,93456,8838,4214,13423,58706,268434
com.period.tracker.lite,it,954,"10,000,000+",10000000,22204276,4.622324,353618,93456,8838,4214,13423,58706,268434
com.period.tracker.lite,sl,18,"10,000,000+",10000000,22204276,4.622324,353618,93456,8838,4214,13423,58706,268434
com.period.tracker.lite,de,1484,"10,000,000+",10000000,22204276,4.622324,353618,93456,8838,4214,13423,58706,268434
com.period.tracker.lite,da,56,"10,000,000+",10000000,22204276,4.622324,353618,93456,8838,4214,13423,58706,268434
com.period.tracker.lite,fi,38,"10,000,000+",10000000,22204276,4.622324,353618,93456,8838,4214,13423,58706,268434
com.period.tracker.lite,hu,187,"10,000,000+",10000000,22204276,4.622324,353618,93456,8838,4214,13423,58706,268434
com.period.tracker.lite,ko,1283,"10,000,000+",10000000,22204276,4.622324,353618,93456,8838,4214,13423,58706,268434
com.period.tracker.lite,es,6924,"10,000,000+",10000000,22204276,4.622324,353618,93456,8838,4214,13423,58706,268434
com.period.tracker.lite,ro,116,"10,000,000+",10000000,22204276,4.622324,353618,93456,8838,4214,13423,58706,268434
com.period.tracker.lite,sk,23,"10,000,000+",10000000,22204276,4.622324,353618,93456,8838,4214,13423,58706,268434
com.period.tracker.lite,is,4,"10,000,000+",10000000,22204276,4.622324,353618,93456,8838,4214,13423,58706,268434
com.period.tracker.lite,id,59,"10,000,000+",10000000,22204276,4.622324,353618,93456,8838,4214,13423,58706,268434
com.period.tracker.lite,ru,202,"10,000,000+",10000000,22204276,4.622324,353618,93456,8838,4214,13423,58706,268434
com.period.tracker.lite,fr,598,"10,000,000+",10000000,22204276,4.622324,353618,93456,8838,4214,13423,58706,268434
com.period.tracker.lite,sr,45,"10,000,000+",10000000,22204276,4.622324,353618,93456,8838,4214,13423,58706,268434
com.period.tracker.lite,el,225,"10,000,000+",10000000,22204276,4.622324,353618,93456,8838,4214,13423,58706,268434
com.period.tracker.lite,sv,398,"10,000,000+",10000000,22204276,4.622324,353618,93456,8838,4214,13423,58706,268434
com.period.tracker.lite,pl,130,"10,000,000+",10000000,22204276,4.622324,353618,93456,8838,4214,13423,58706,268434
com.period.tracker.lite,hi,1,"10,000,000+",10000000,22204276,4.622324,353618,93456,8838,4214,13423,58706,268434
com.period.tracker.lite,ja,168,"10,000,000+",10000000,22204276,4.622324,353618,93456,8838,4214,13423,58706,268434
com.period.tracker.lite,en,3781,"10,000,000+",10000000,22204276,4.622324,353618,93456,8838,4214,13423,58706,268434
com.period.tracker.lite,zh-CN,262,"10,000,000+",10000000,22204276,4.622324,353618,93456,8838,4214,13423,58706,268434
com.period.tracker.lite,vi,21,"10,000,000+",10000000,22204276,4.622324,353618,93456,8838,4214,13423,58706,268434
com.period.tracker.lite,no,1,"10,000,000+",10000000,22204276,4.622324,353618,93456,8838,4214,13423,58706,268434
com.period.tracker.lite,nl,515,"10,000,000+",10000000,22204276,4.622324,353618,93456,8838,4214,13423,58706,268434
com.period.tracker.lite,ms,11,"10,000,000+",10000000,22204276,4.622324,353618,93456,8838,4214,13423,58706,268434
com.period.tracker.lite,lv,13,"10,000,000+",10000000,22204276,4.622324,353618,93456,8838,4214,13423,58706,268434
com.period.tracker.lite,af,1,"10,000,000+",10000000,22204276,4.622324,353618,93456,8838,4214,13423,58706,268434
com.period.tracker.lite,zh-HK,349,"10,000,000+",10000000,22204276,4.622324,353618,93456,8838,4214,13423,58706,268434
com.period.tracker.lite,lt,23,"10,000,000+",10000000,22204276,4.622324,353618,93456,8838,4214,13423,58706,268434
com.period.tracker.lite,tr,191,"10,000,000+",10000000,22204276,4.622324,353618,93456,8838,4214,13423,58706,268434
com.tamtris.fertilityfriend,th,15,"1,000,000+",1000000,1655908,4.661227,15301,5878,489,179,509,1667,12454
com.tamtris.fertilityfriend,ca,2,"1,000,000+",1000000,1655908,4.661227,15301,5878,489,179,509,1667,12454
com.tamtris.fertilityfriend,bg,5,"1,000,000+",1000000,1655908,4.661227,15301,5878,489,179,509,1667,12454
com.tamtris.fertilityfriend,cs,21,"1,000,000+",1000000,1655908,4.661227,15301,5878,489,179,509,1667,12454
com.tamtris.fertilityfriend,et,1,"1,000,000+",1000000,1655908,4.661227,15301,5878,489,179,509,1667,12454
com.tamtris.fertilityfriend,pt,155,"1,000,000+",1000000,1655908,4.661227,15301,5878,489,179,509,1667,12454
com.tamtris.fertilityfriend,he,5,"1,000,000+",1000000,1655908,4.661227,15301,5878,489,179,509,1667,12454
com.tamtris.fertilityfriend,hr,14,"1,000,000+",1000000,1655908,4.661227,15301,5878,489,179,509,1667,12454
com.tamtris.fertilityfriend,it,112,"1,000,000+",1000000,1655908,4.661227,15301,5878,489,179,509,1667,12454
com.tamtris.fertilityfriend,sl,1,"1,000,000+",1000000,1655908,4.661227,15301,5878,489,179,509,1667,12454
com.tamtris.fertilityfriend,da,1,"1,000,000+",1000000,1655908,4.661227,15301,5878,489,179,509,1667,12454
com.tamtris.fertilityfriend,fi,1,"1,000,000+",1000000,1655908,4.661227,15301,5878,489,179,509,1667,12454
com.tamtris.fertilityfriend,hu,12,"1,000,000+",1000000,1655908,4.661227,15301,5878,489,179,509,1667,12454
com.tamtris.fertilityfriend,ko,2,"1,000,000+",1000000,1655908,4.661227,15301,5878,489,179,509,1667,12454
com.tamtris.fertilityfriend,es,63,"1,000,000+",1000000,1655908,4.661227,15301,5878,489,179,509,1667,12454
com.tamtris.fertilityfriend,ro,15,"1,000,000+",1000000,1655908,4.661227,15301,5878,489,179,509,1667,12454
com.tamtris.fertilityfriend,sk,16,"1,000,000+",1000000,1655908,4.661227,15301,5878,489,179,509,1667,12454
com.tamtris.fertilityfriend,id,6,"1,000,000+",1000000,1655908,4.661227,15301,5878,489,179,509,1667,12454
com.tamtris.fertilityfriend,ru,6,"1,000,000+",1000000,1655908,4.661227,15301,5878,489,179,509,1667,12454
com.tamtris.fertilityfriend,fr,53,"1,000,000+",1000000,1655908,4.661227,15301,5878,489,179,509,1667,12454
com.tamtris.fertilityfriend,sr,3,"1,000,000+",1000000,1655908,4.661227,15301,5878,489,179,509,1667,12454
com.tamtris.fertilityfriend,el,4,"1,000,000+",1000000,1655908,4.661227,15301,5878,489,179,509,1667,12454
com.tamtris.fertilityfriend,sv,21,"1,000,000+",1000000,1655908,4.661227,15301,5878,489,179,509,1667,12454
com.tamtris.fertilityfriend,pl,12,"1,000,000+",1000000,1655908,4.661227,15301,5878,489,179,509,1667,12454
com.tamtris.fertilityfriend,en,1794,"1,000,000+",1000000,1655908,4.661227,15301,5878,489,179,509,1667,12454
com.tamtris.fertilityfriend,zh-CN,6,"1,000,000+",1000000,1655908,4.661227,15301,5878,489,179,509,1667,12454
com.tamtris.fertilityfriend,no,10,"1,000,000+",1000000,1655908,4.661227,15301,5878,489,179,509,1667,12454
com.tamtris.fertilityfriend,nl,54,"1,000,000+",1000000,1655908,4.661227,15301,5878,489,179,509,1667,12454
com.tamtris.fertilityfriend,ms,2,"1,000,000+",1000000,1655908,4.661227,15301,5878,489,179,509,1667,12454
com.tamtris.fertilityfriend,lv,1,"1,000,000+",1000000,1655908,4.661227,15301,5878,489,179,509,1667,12454
com.tamtris.fertilityfriend,zh-HK,7,"1,000,000+",1000000,1655908,4.661227,15301,5878,489,179,509,1667,12454
com.tamtris.fertilityfriend,lt,5,"1,000,000+",1000000,1655908,4.661227,15301,5878,489,179,509,1667,12454
com.tamtris.fertilityfriend,tr,1,"1,000,000+",1000000,1655908,4.661227,15301,5878,489,179,509,1667,12454
com.woomfertility.woomapp,ca,29,"1,000,000+",1000000,1685891,4.487974,18613,7374,795,447,1153,2695,13519
com.woomfertility.woomapp,pt,6,"1,000,000+",1000000,1685891,4.487974,18613,7374,795,447,1153,2695,13519
com.woomfertility.woomapp,it,3,"1,000,000+",1000000,1685891,4.487974,18613,7374,795,447,1153,2695,13519
com.woomfertility.woomapp,de,1,"1,000,000+",1000000,1685891,4.487974,18613,7374,795,447,1153,2695,13519
com.woomfertility.woomapp,es,3980,"1,000,000+",1000000,1685891,4.487974,18613,7374,795,447,1153,2695,13519
com.woomfertility.woomapp,ro,8,"1,000,000+",1000000,1685891,4.487974,18613,7374,795,447,1153,2695,13519
com.woomfertility.woomapp,ru,1,"1,000,000+",1000000,1685891,4.487974,18613,7374,795,447,1153,2695,13519
com.woomfertility.woomapp,fr,8,"1,000,000+",1000000,1685891,4.487974,18613,7374,795,447,1153,2695,13519
com.woomfertility.woomapp,en,181,"1,000,000+",1000000,1685891,4.487974,18613,7374,795,447,1153,2695,13519
com.woomfertility.woomapp,nl,1,"1,000,000+",1000000,1685891,4.487974,18613,7374,795,447,1153,2695,13519
com.tempdrop.tempdropmobileapp,uk,1,"10,000+",10000,15083,3.86,277,144,38,27,13,49,146
com.tempdrop.tempdropmobileapp,pt,1,"10,000+",10000,15083,3.86,277,144,38,27,13,49,146
com.tempdrop.tempdropmobileapp,he,3,"10,000+",10000,15083,3.86,277,144,38,27,13,49,146
com.tempdrop.tempdropmobileapp,it,1,"10,000+",10000,15083,3.86,277,144,38,27,13,49,146
com.tempdrop.tempdropmobileapp,fi,1,"10,000+",10000,15083,3.86,277,144,38,27,13,49,146
com.tempdrop.tempdropmobileapp,es,2,"10,000+",10000,15083,3.86,277,144,38,27,13,49,146
com.tempdrop.tempdropmobileapp,ro,1,"10,000+",10000,15083,3.86,277,144,38,27,13,49,146
com.tempdrop.tempdropmobileapp,sk,1,"10,000+",10000,15083,3.86,277,144,38,27,13,49,146
com.tempdrop.tempdropmobileapp,ru,2,"10,000+",10000,15083,3.86,277,144,38,27,13,49,146
com.tempdrop.tempdropmobileapp,sv,2,"10,000+",10000,15083,3.86,277,144,38,27,13,49,146
com.tempdrop.tempdropmobileapp,pl,11,"10,000+",10000,15083,3.86,277,144,38,27,13,49,146
com.tempdrop.tempdropmobileapp,en,111,"10,000+",10000,15083,3.86,277,144,38,27,13,49,146
com.tempdrop.tempdropmobileapp,no,1,"10,000+",10000,15083,3.86,277,144,38,27,13,49,146
org.femmhealth.femm,cs,2,"100,000+",100000,273744,4.390374,1873,682,90,70,160,250,1302
org.femmhealth.femm,pt,37,"100,000+",100000,273744,4.390374,1873,682,90,70,160,250,1302
org.femmhealth.femm,hr,8,"100,000+",100000,273744,4.390374,1873,682,90,70,160,250,1302
org.femmhealth.femm,it,2,"100,000+",100000,273744,4.390374,1873,682,90,70,160,250,1302
org.femmhealth.femm,de,6,"100,000+",100000,273744,4.390374,1873,682,90,70,160,250,1302
org.femmhealth.femm,hu,8,"100,000+",100000,273744,4.390374,1873,682,90,70,160,250,1302
org.femmhealth.femm,es,193,"100,000+",100000,273744,4.390374,1873,682,90,70,160,250,1302
org.femmhealth.femm,sk,1,"100,000+",100000,273744,4.390374,1873,682,90,70,160,250,1302
org.femmhealth.femm,id,1,"100,000+",100000,273744,4.390374,1873,682,90,70,160,250,1302
org.femmhealth.femm,sr,2,"100,000+",100000,273744,4.390374,1873,682,90,70,160,250,1302
org.femmhealth.femm,sv,2,"100,000+",100000,273744,4.390374,1873,682,90,70,160,250,1302
org.femmhealth.femm,ja,1,"100,000+",100000,273744,4.390374,1873,682,90,70,160,250,1302
org.femmhealth.femm,en,400,"100,000+",100000,273744,4.390374,1873,682,90,70,160,250,1302
org.femmhealth.femm,nl,1,"100,000+",100000,273744,4.390374,1873,682,90,70,160,250,1302
org.femmhealth.femm,ms,1,"100,000+",100000,273744,4.390374,1873,682,90,70,160,250,1302
org.femmhealth.femm,lt,1,"100,000+",100000,273744,4.390374,1873,682,90,70,160,250,1302
org.femmhealth.femm,tr,2,"100,000+",100000,273744,4.390374,1873,682,90,70,160,250,1302
com.glow.android,th,3,"1,000,000+",1000000,2850819,4.5515847,66852,20335,3308,1449,2468,7456,52168
com.glow.android,bg,4,"1,000,000+",1000000,2850819,4.5515847,66852,20335,3308,1449,2468,7456,52168
com.glow.android,uk,6,"1,000,000+",1000000,2850819,4.5515847,66852,20335,3308,1449,2468,7456,52168
com.glow.android,cs,5,"1,000,000+",1000000,2850819,4.5515847,66852,20335,3308,1449,2468,7456,52168
com.glow.android,pt,3,"1,000,000+",1000000,2850819,4.5515847,66852,20335,3308,1449,2468,7456,52168
com.glow.android,he,9,"1,000,000+",1000000,2850819,4.5515847,66852,20335,3308,1449,2468,7456,52168
com.glow.android,hr,7,"1,000,000+",1000000,2850819,4.5515847,66852,20335,3308,1449,2468,7456,52168
com.glow.android,it,54,"1,000,000+",1000000,2850819,4.5515847,66852,20335,3308,1449,2468,7456,52168
com.glow.android,sl,2,"1,000,000+",1000000,2850819,4.5515847,66852,20335,3308,1449,2468,7456,52168
com.glow.android,de,44,"1,000,000+",1000000,2850819,4.5515847,66852,20335,3308,1449,2468,7456,52168
com.glow.android,fi,4,"1,000,000+",1000000,2850819,4.5515847,66852,20335,3308,1449,2468,7456,52168
com.glow.android,hu,6,"1,000,000+",1000000,2850819,4.5515847,66852,20335,3308,1449,2468,7456,52168
com.glow.android,ko,7,"1,000,000+",1000000,2850819,4.5515847,66852,20335,3308,1449,2468,7456,52168
com.glow.android,es,253,"1,000,000+",1000000,2850819,4.5515847,66852,20335,3308,1449,2468,7456,52168
com.glow.android,ro,7,"1,000,000+",1000000,2850819,4.5515847,66852,20335,3308,1449,2468,7456,52168
com.glow.android,sk,3,"1,000,000+",1000000,2850819,4.5515847,66852,20335,3308,1449,2468,7456,52168
com.glow.android,is,1,"1,000,000+",1000000,2850819,4.5515847,66852,20335,3308,1449,2468,7456,52168
com.glow.android,id,16,"1,000,000+",1000000,2850819,4.5515847,66852,20335,3308,1449,2468,7456,52168
com.glow.android,ru,37,"1,000,000+",1000000,2850819,4.5515847,66852,20335,3308,1449,2468,7456,52168
com.glow.android,fr,83,"1,000,000+",1000000,2850819,4.5515847,66852,20335,3308,1449,2468,7456,52168
com.glow.android,sr,2,"1,000,000+",1000000,2850819,4.5515847,66852,20335,3308,1449,2468,7456,52168
com.glow.android,el,9,"1,000,000+",1000000,2850819,4.5515847,66852,20335,3308,1449,2468,7456,52168
com.glow.android,sv,10,"1,000,000+",1000000,2850819,4.5515847,66852,20335,3308,1449,2468,7456,52168
com.glow.android,pl,17,"1,000,000+",1000000,2850819,4.5515847,66852,20335,3308,1449,2468,7456,52168
com.glow.android,hi,2,"1,000,000+",1000000,2850819,4.5515847,66852,20335,3308,1449,2468,7456,52168
com.glow.android,ja,1,"1,000,000+",1000000,2850819,4.5515847,66852,20335,3308,1449,2468,7456,52168
com.glow.android,en,8756,"1,000,000+",1000000,2850819,4.5515847,66852,20335,3308,1449,2468,7456,52168
com.glow.android,zh-CN,18,"1,000,000+",1000000,2850819,4.5515847,66852,20335,3308,1449,2468,7456,52168
com.glow.android,no,4,"1,000,000+",1000000,2850819,4.5515847,66852,20335,3308,1449,2468,7456,52168
com.glow.android,nl,31,"1,000,000+",1000000,2850819,4.5515847,66852,20335,3308,1449,2468,7456,52168
com.glow.android,zh-HK,14,"1,000,000+",1000000,2850819,4.5515847,66852,20335,3308,1449,2468,7456,52168
com.glow.android,lt,2,"1,000,000+",1000000,2850819,4.5515847,66852,20335,3308,1449,2468,7456,52168
com.glow.android,tr,6,"1,000,000+",1000000,2850819,4.5515847,66852,20335,3308,1449,2468,7456,52168
com.AvvaStyle.femalecalendar,cs,3,"50,000+",50000,57210,4.3,10,3,1,0,1,1,7
com.AvvaStyle.femalecalendar,pt,21,"50,000+",50000,57210,4.3,10,3,1,0,1,1,7
com.AvvaStyle.femalecalendar,hr,1,"50,000+",50000,57210,4.3,10,3,1,0,1,1,7
com.AvvaStyle.femalecalendar,it,3,"50,000+",50000,57210,4.3,10,3,1,0,1,1,7
com.AvvaStyle.femalecalendar,de,7,"50,000+",50000,57210,4.3,10,3,1,0,1,1,7
com.AvvaStyle.femalecalendar,es,5,"50,000+",50000,57210,4.3,10,3,1,0,1,1,7
com.AvvaStyle.femalecalendar,ru,28,"50,000+",50000,57210,4.3,10,3,1,0,1,1,7
com.AvvaStyle.femalecalendar,fr,4,"50,000+",50000,57210,4.3,10,3,1,0,1,1,7
com.AvvaStyle.femalecalendar,sv,1,"50,000+",50000,57210,4.3,10,3,1,0,1,1,7
com.AvvaStyle.femalecalendar,en,3,"50,000+",50000,57210,4.3,10,3,1,0,1,1,7
ovulationcalculator.com.ovulationcalculator,bg,2,"100,000+",100000,252660,4.505519,4537,1683,110,90,250,1031,3054
ovulationcalculator.com.ovulationcalculator,pt,5,"100,000+",100000,252660,4.505519,4537,1683,110,90,250,1031,3054
ovulationcalculator.com.ovulationcalculator,he,1,"100,000+",100000,252660,4.505519,4537,1683,110,90,250,1031,3054
ovulationcalculator.com.ovulationcalculator,it,1,"100,000+",100000,252660,4.505519,4537,1683,110,90,250,1031,3054
ovulationcalculator.com.ovulationcalculator,sl,1,"100,000+",100000,252660,4.505519,4537,1683,110,90,250,1031,3054
ovulationcalculator.com.ovulationcalculator,da,1,"100,000+",100000,252660,4.505519,4537,1683,110,90,250,1031,3054
ovulationcalculator.com.ovulationcalculator,es,11,"100,000+",100000,252660,4.505519,4537,1683,110,90,250,1031,3054
ovulationcalculator.com.ovulationcalculator,ro,3,"100,000+",100000,252660,4.505519,4537,1683,110,90,250,1031,3054
ovulationcalculator.com.ovulationcalculator,id,1,"100,000+",100000,252660,4.505519,4537,1683,110,90,250,1031,3054
ovulationcalculator.com.ovulationcalculator,ru,1,"100,000+",100000,252660,4.505519,4537,1683,110,90,250,1031,3054
ovulationcalculator.com.ovulationcalculator,fr,10,"100,000+",100000,252660,4.505519,4537,1683,110,90,250,1031,3054
ovulationcalculator.com.ovulationcalculator,pl,2,"100,000+",100000,252660,4.505519,4537,1683,110,90,250,1031,3054
ovulationcalculator.com.ovulationcalculator,hi,1,"100,000+",100000,252660,4.505519,4537,1683,110,90,250,1031,3054
ovulationcalculator.com.ovulationcalculator,en,1393,"100,000+",100000,252660,4.505519,4537,1683,110,90,250,1031,3054
ovulationcalculator.com.ovulationcalculator,lt,1,"100,000+",100000,252660,4.505519,4537,1683,110,90,250,1031,3054
ovulationcalculator.com.ovulationcalculator,tr,2,"100,000+",100000,252660,4.505519,4537,1683,110,90,250,1031,3054
com.glow.android.eve,th,1,"1,000,000+",1000000,1722766,4.3429837,24872,7316,2140,950,1460,2010,18311
com.glow.android.eve,ca,1,"1,000,000+",1000000,1722766,4.3429837,24872,7316,2140,950,1460,2010,18311
com.glow.android.eve,bg,6,"1,000,000+",1000000,1722766,4.3429837,24872,7316,2140,950,1460,2010,18311
com.glow.android.eve,uk,1,"1,000,000+",1000000,1722766,4.3429837,24872,7316,2140,950,1460,2010,18311
com.glow.android.eve,et,1,"1,000,000+",1000000,1722766,4.3429837,24872,7316,2140,950,1460,2010,18311
com.glow.android.eve,pt,75,"1,000,000+",1000000,1722766,4.3429837,24872,7316,2140,950,1460,2010,18311
com.glow.android.eve,he,2,"1,000,000+",1000000,1722766,4.3429837,24872,7316,2140,950,1460,2010,18311
com.glow.android.eve,hr,2,"1,000,000+",1000000,1722766,4.3429837,24872,7316,2140,950,1460,2010,18311
com.glow.android.eve,it,14,"1,000,000+",1000000,1722766,4.3429837,24872,7316,2140,950,1460,2010,18311
com.glow.android.eve,sl,2,"1,000,000+",1000000,1722766,4.3429837,24872,7316,2140,950,1460,2010,18311
com.glow.android.eve,de,19,"1,000,000+",1000000,1722766,4.3429837,24872,7316,2140,950,1460,2010,18311
com.glow.android.eve,da,4,"1,000,000+",1000000,1722766,4.3429837,24872,7316,2140,950,1460,2010,18311
com.glow.android.eve,fi,4,"1,000,000+",1000000,1722766,4.3429837,24872,7316,2140,950,1460,2010,18311
com.glow.android.eve,hu,5,"1,000,000+",1000000,1722766,4.3429837,24872,7316,2140,950,1460,2010,18311
com.glow.android.eve,ko,2,"1,000,000+",1000000,1722766,4.3429837,24872,7316,2140,950,1460,2010,18311
com.glow.android.eve,es,186,"1,000,000+",1000000,1722766,4.3429837,24872,7316,2140,950,1460,2010,18311
com.glow.android.eve,ro,5,"1,000,000+",1000000,1722766,4.3429837,24872,7316,2140,950,1460,2010,18311
com.glow.android.eve,sk,1,"1,000,000+",1000000,1722766,4.3429837,24872,7316,2140,950,1460,2010,18311
com.glow.android.eve,is,1,"1,000,000+",1000000,1722766,4.3429837,24872,7316,2140,950,1460,2010,18311
com.glow.android.eve,id,29,"1,000,000+",1000000,1722766,4.3429837,24872,7316,2140,950,1460,2010,18311
com.glow.android.eve,ru,42,"1,000,000+",1000000,1722766,4.3429837,24872,7316,2140,950,1460,2010,18311
com.glow.android.eve,fr,37,"1,000,000+",1000000,1722766,4.3429837,24872,7316,2140,950,1460,2010,18311
com.glow.android.eve,sr,1,"1,000,000+",1000000,1722766,4.3429837,24872,7316,2140,950,1460,2010,18311
com.glow.android.eve,el,6,"1,000,000+",1000000,1722766,4.3429837,24872,7316,2140,950,1460,2010,18311
com.glow.android.eve,sv,2,"1,000,000+",1000000,1722766,4.3429837,24872,7316,2140,950,1460,2010,18311
com.glow.android.eve,pl,10,"1,000,000+",1000000,1722766,4.3429837,24872,7316,2140,950,1460,2010,18311
com.glow.android.eve,hi,1,"1,000,000+",1000000,1722766,4.3429837,24872,7316,2140,950,1460,2010,18311
com.glow.android.eve,en,6702,"1,000,000+",1000000,1722766,4.3429837,24872,7316,2140,950,1460,2010,18311
com.glow.android.eve,zh-CN,10,"1,000,000+",1000000,1722766,4.3429837,24872,7316,2140,950,1460,2010,18311
com.glow.android.eve,vi,2,"1,000,000+",1000000,1722766,4.3429837,24872,7316,2140,950,1460,2010,18311
com.glow.android.eve,no,4,"1,000,000+",1000000,1722766,4.3429837,24872,7316,2140,950,1460,2010,18311
com.glow.android.eve,nl,14,"1,000,000+",1000000,1722766,4.3429837,24872,7316,2140,950,1460,2010,18311
com.glow.android.eve,ms,3,"1,000,000+",1000000,1722766,4.3429837,24872,7316,2140,950,1460,2010,18311
com.glow.android.eve,lv,3,"1,000,000+",1000000,1722766,4.3429837,24872,7316,2140,950,1460,2010,18311
com.glow.android.eve,zh-HK,4,"1,000,000+",1000000,1722766,4.3429837,24872,7316,2140,950,1460,2010,18311
com.glow.android.eve,tr,8,"1,000,000+",1000000,1722766,4.3429837,24872,7316,2140,950,1460,2010,18311
org.nanobit.perioddiary,th,1,"100,000+",100000,377707,3.3618202,8964,2378,2696,467,537,1422,3840
org.nanobit.perioddiary,ca,1,"100,000+",100000,377707,3.3618202,8964,2378,2696,467,537,1422,3840
org.nanobit.perioddiary,cs,2,"100,000+",100000,377707,3.3618202,8964,2378,2696,467,537,1422,3840
org.nanobit.perioddiary,pt,50,"100,000+",100000,377707,3.3618202,8964,2378,2696,467,537,1422,3840
org.nanobit.perioddiary,he,8,"100,000+",100000,377707,3.3618202,8964,2378,2696,467,537,1422,3840
org.nanobit.perioddiary,hr,21,"100,000+",100000,377707,3.3618202,8964,2378,2696,467,537,1422,3840
org.nanobit.perioddiary,it,10,"100,000+",100000,377707,3.3618202,8964,2378,2696,467,537,1422,3840
org.nanobit.perioddiary,sl,1,"100,000+",100000,377707,3.3618202,8964,2378,2696,467,537,1422,3840
org.nanobit.perioddiary,de,15,"100,000+",100000,377707,3.3618202,8964,2378,2696,467,537,1422,3840
org.nanobit.perioddiary,da,2,"100,000+",100000,377707,3.3618202,8964,2378,2696,467,537,1422,3840
org.nanobit.perioddiary,fi,2,"100,000+",100000,377707,3.3618202,8964,2378,2696,467,537,1422,3840
org.nanobit.perioddiary,hu,1,"100,000+",100000,377707,3.3618202,8964,2378,2696,467,537,1422,3840
org.nanobit.perioddiary,es,88,"100,000+",100000,377707,3.3618202,8964,2378,2696,467,537,1422,3840
org.nanobit.perioddiary,ro,7,"100,000+",100000,377707,3.3618202,8964,2378,2696,467,537,1422,3840
org.nanobit.perioddiary,sk,1,"100,000+",100000,377707,3.3618202,8964,2378,2696,467,537,1422,3840
org.nanobit.perioddiary,id,52,"100,000+",100000,377707,3.3618202,8964,2378,2696,467,537,1422,3840
org.nanobit.perioddiary,ru,8,"100,000+",100000,377707,3.3618202,8964,2378,2696,467,537,1422,3840
org.nanobit.perioddiary,fr,55,"100,000+",100000,377707,3.3618202,8964,2378,2696,467,537,1422,3840
org.nanobit.perioddiary,el,30,"100,000+",100000,377707,3.3618202,8964,2378,2696,467,537,1422,3840
org.nanobit.perioddiary,sv,4,"100,000+",100000,377707,3.3618202,8964,2378,2696,467,537,1422,3840
org.nanobit.perioddiary,pl,7,"100,000+",100000,377707,3.3618202,8964,2378,2696,467,537,1422,3840
org.nanobit.perioddiary,ja,2,"100,000+",100000,377707,3.3618202,8964,2378,2696,467,537,1422,3840
org.nanobit.perioddiary,en,1963,"100,000+",100000,377707,3.3618202,8964,2378,2696,467,537,1422,3840
org.nanobit.perioddiary,zh-CN,5,"100,000+",100000,377707,3.3618202,8964,2378,2696,467,537,1422,3840
org.nanobit.perioddiary,vi,4,"100,000+",100000,377707,3.3618202,8964,2378,2696,467,537,1422,3840
org.nanobit.perioddiary,no,4,"100,000+",100000,377707,3.3618202,8964,2378,2696,467,537,1422,3840
org.nanobit.perioddiary,nl,14,"100,000+",100000,377707,3.3618202,8964,2378,2696,467,537,1422,3840
org.nanobit.perioddiary,ms,6,"100,000+",100000,377707,3.3618202,8964,2378,2696,467,537,1422,3840
org.nanobit.perioddiary,tr,1,"100,000+",100000,377707,3.3618202,8964,2378,2696,467,537,1422,3840
com.cg.android.ptracker,uk,1,"100,000+",100000,348905,4.2557273,18506,5937,1025,433,1725,4919,10401
com.cg.android.ptracker,pt,12,"100,000+",100000,348905,4.2557273,18506,5937,1025,433,1725,4919,10401
com.cg.android.ptracker,it,1,"100,000+",100000,348905,4.2557273,18506,5937,1025,433,1725,4919,10401
com.cg.android.ptracker,de,3,"100,000+",100000,348905,4.2557273,18506,5937,1025,433,1725,4919,10401
com.cg.android.ptracker,da,1,"100,000+",100000,348905,4.2557273,18506,5937,1025,433,1725,4919,10401
com.cg.android.ptracker,es,32,"100,000+",100000,348905,4.2557273,18506,5937,1025,433,1725,4919,10401
com.cg.android.ptracker,ro,2,"100,000+",100000,348905,4.2557273,18506,5937,1025,433,1725,4919,10401
com.cg.android.ptracker,ru,9,"100,000+",100000,348905,4.2557273,18506,5937,1025,433,1725,4919,10401
com.cg.android.ptracker,fr,14,"100,000+",100000,348905,4.2557273,18506,5937,1025,433,1725,4919,10401
com.cg.android.ptracker,en,4975,"100,000+",100000,348905,4.2557273,18506,5937,1025,433,1725,4919,10401
com.cg.android.ptracker,nl,2,"100,000+",100000,348905,4.2557273,18506,5937,1025,433,1725,4919,10401
com.cg.android.ptracker,zh-HK,2,"100,000+",100000,348905,4.2557273,18506,5937,1025,433,1725,4919,10401
com.cg.android.ptracker,tr,1,"100,000+",100000,348905,4.2557273,18506,5937,1025,433,1725,4919,10401
in.plackal.lovecyclesfree,th,30,"5,000,000+",5000000,8150813,4.7561707,219324,54286,2886,1258,3835,30484,180858
in.plackal.lovecyclesfree,ca,20,"5,000,000+",5000000,8150813,4.7561707,219324,54286,2886,1258,3835,30484,180858
in.plackal.lovecyclesfree,bg,10,"5,000,000+",5000000,8150813,4.7561707,219324,54286,2886,1258,3835,30484,180858
in.plackal.lovecyclesfree,uk,49,"5,000,000+",5000000,8150813,4.7561707,219324,54286,2886,1258,3835,30484,180858
in.plackal.lovecyclesfree,cs,26,"5,000,000+",5000000,8150813,4.7561707,219324,54286,2886,1258,3835,30484,180858
in.plackal.lovecyclesfree,pt,1791,"5,000,000+",5000000,8150813,4.7561707,219324,54286,2886,1258,3835,30484,180858
in.plackal.lovecyclesfree,he,9,"5,000,000+",5000000,8150813,4.7561707,219324,54286,2886,1258,3835,30484,180858
in.plackal.lovecyclesfree,hr,24,"5,000,000+",5000000,8150813,4.7561707,219324,54286,2886,1258,3835,30484,180858
in.plackal.lovecyclesfree,it,3156,"5,000,000+",5000000,8150813,4.7561707,219324,54286,2886,1258,3835,30484,180858
in.plackal.lovecyclesfree,sl,10,"5,000,000+",5000000,8150813,4.7561707,219324,54286,2886,1258,3835,30484,180858
in.plackal.lovecyclesfree,de,1329,"5,000,000+",5000000,8150813,4.7561707,219324,54286,2886,1258,3835,30484,180858
in.plackal.lovecyclesfree,da,7,"5,000,000+",5000000,8150813,4.7561707,219324,54286,2886,1258,3835,30484,180858
in.plackal.lovecyclesfree,fi,5,"5,000,000+",5000000,8150813,4.7561707,219324,54286,2886,1258,3835,30484,180858
in.plackal.lovecyclesfree,hu,15,"5,000,000+",5000000,8150813,4.7561707,219324,54286,2886,1258,3835,30484,180858
in.plackal.lovecyclesfree,ko,1592,"5,000,000+",5000000,8150813,4.7561707,219324,54286,2886,1258,3835,30484,180858
in.plackal.lovecyclesfree,es,2388,"5,000,000+",5000000,8150813,4.7561707,219324,54286,2886,1258,3835,30484,180858
in.plackal.lovecyclesfree,ro,44,"5,000,000+",5000000,8150813,4.7561707,219324,54286,2886,1258,3835,30484,180858
in.plackal.lovecyclesfree,sk,12,"5,000,000+",5000000,8150813,4.7561707,219324,54286,2886,1258,3835,30484,180858
in.plackal.lovecyclesfree,id,75,"5,000,000+",5000000,8150813,4.7561707,219324,54286,2886,1258,3835,30484,180858
in.plackal.lovecyclesfree,ru,3181,"5,000,000+",5000000,8150813,4.7561707,219324,54286,2886,1258,3835,30484,180858
in.plackal.lovecyclesfree,fr,1110,"5,000,000+",5000000,8150813,4.7561707,219324,54286,2886,1258,3835,30484,180858
in.plackal.lovecyclesfree,sr,21,"5,000,000+",5000000,8150813,4.7561707,219324,54286,2886,1258,3835,30484,180858
in.plackal.lovecyclesfree,el,33,"5,000,000+",5000000,8150813,4.7561707,219324,54286,2886,1258,3835,30484,180858
in.plackal.lovecyclesfree,sv,76,"5,000,000+",5000000,8150813,4.7561707,219324,54286,2886,1258,3835,30484,180858
in.plackal.lovecyclesfree,pl,87,"5,000,000+",5000000,8150813,4.7561707,219324,54286,2886,1258,3835,30484,180858
in.plackal.lovecyclesfree,hi,2,"5,000,000+",5000000,8150813,4.7561707,219324,54286,2886,1258,3835,30484,180858
in.plackal.lovecyclesfree,ja,123,"5,000,000+",5000000,8150813,4.7561707,219324,54286,2886,1258,3835,30484,180858
in.plackal.lovecyclesfree,en,400,"5,000,000+",5000000,8150813,4.7561707,219324,54286,2886,1258,3835,30484,180858
in.plackal.lovecyclesfree,zh-CN,159,"5,000,000+",5000000,8150813,4.7561707,219324,54286,2886,1258,3835,30484,180858
in.plackal.lovecyclesfree,vi,16,"5,000,000+",5000000,8150813,4.7561707,219324,54286,2886,1258,3835,30484,180858
in.plackal.lovecyclesfree,no,4,"5,000,000+",5000000,8150813,4.7561707,219324,54286,2886,1258,3835,30484,180858
in.plackal.lovecyclesfree,nl,354,"5,000,000+",5000000,8150813,4.7561707,219324,54286,2886,1258,3835,30484,180858
in.plackal.lovecyclesfree,ms,1,"5,000,000+",5000000,8150813,4.7561707,219324,54286,2886,1258,3835,30484,180858
in.plackal.lovecyclesfree,lv,5,"5,000,000+",5000000,8150813,4.7561707,219324,54286,2886,1258,3835,30484,180858
in.plackal.lovecyclesfree,zh-HK,215,"5,000,000+",5000000,8150813,4.7561707,219324,54286,2886,1258,3835,30484,180858
in.plackal.lovecyclesfree,lt,11,"5,000,000+",5000000,8150813,4.7561707,219324,54286,2886,1258,3835,30484,180858
in.plackal.lovecyclesfree,tr,40,"5,000,000+",5000000,8150813,4.7561707,219324,54286,2886,1258,3835,30484,180858
premom.eh.com.ehpremomapp,th,2,"500,000+",500000,910284,4.359375,4257,2213,294,161,266,532,3002
premom.eh.com.ehpremomapp,ca,1,"500,000+",500000,910284,4.359375,4257,2213,294,161,266,532,3002
premom.eh.com.ehpremomapp,bg,4,"500,000+",500000,910284,4.359375,4257,2213,294,161,266,532,3002
premom.eh.com.ehpremomapp,cs,1,"500,000+",500000,910284,4.359375,4257,2213,294,161,266,532,3002
premom.eh.com.ehpremomapp,pt,8,"500,000+",500000,910284,4.359375,4257,2213,294,161,266,532,3002
premom.eh.com.ehpremomapp,he,3,"500,000+",500000,910284,4.359375,4257,2213,294,161,266,532,3002
premom.eh.com.ehpremomapp,it,40,"500,000+",500000,910284,4.359375,4257,2213,294,161,266,532,3002
premom.eh.com.ehpremomapp,de,53,"500,000+",500000,910284,4.359375,4257,2213,294,161,266,532,3002
premom.eh.com.ehpremomapp,fi,1,"500,000+",500000,910284,4.359375,4257,2213,294,161,266,532,3002
premom.eh.com.ehpremomapp,hu,5,"500,000+",500000,910284,4.359375,4257,2213,294,161,266,532,3002
premom.eh.com.ehpremomapp,ko,3,"500,000+",500000,910284,4.359375,4257,2213,294,161,266,532,3002
premom.eh.com.ehpremomapp,es,134,"500,000+",500000,910284,4.359375,4257,2213,294,161,266,532,3002
premom.eh.com.ehpremomapp,ro,2,"500,000+",500000,910284,4.359375,4257,2213,294,161,266,532,3002
premom.eh.com.ehpremomapp,sk,1,"500,000+",500000,910284,4.359375,4257,2213,294,161,266,532,3002
premom.eh.com.ehpremomapp,id,3,"500,000+",500000,910284,4.359375,4257,2213,294,161,266,532,3002
premom.eh.com.ehpremomapp,ru,1,"500,000+",500000,910284,4.359375,4257,2213,294,161,266,532,3002
premom.eh.com.ehpremomapp,fr,79,"500,000+",500000,910284,4.359375,4257,2213,294,161,266,532,3002
premom.eh.com.ehpremomapp,sr,1,"500,000+",500000,910284,4.359375,4257,2213,294,161,266,532,3002
premom.eh.com.ehpremomapp,el,1,"500,000+",500000,910284,4.359375,4257,2213,294,161,266,532,3002
premom.eh.com.ehpremomapp,sv,1,"500,000+",500000,910284,4.359375,4257,2213,294,161,266,532,3002
premom.eh.com.ehpremomapp,pl,3,"500,000+",500000,910284,4.359375,4257,2213,294,161,266,532,3002
premom.eh.com.ehpremomapp,ja,2,"500,000+",500000,910284,4.359375,4257,2213,294,161,266,532,3002
premom.eh.com.ehpremomapp,en,398,"500,000+",500000,910284,4.359375,4257,2213,294,161,266,532,3002
premom.eh.com.ehpremomapp,zh-CN,1,"500,000+",500000,910284,4.359375,4257,2213,294,161,266,532,3002
premom.eh.com.ehpremomapp,nl,7,"500,000+",500000,910284,4.359375,4257,2213,294,161,266,532,3002
premom.eh.com.ehpremomapp,ms,2,"500,000+",500000,910284,4.359375,4257,2213,294,161,266,532,3002
premom.eh.com.ehpremomapp,zh-HK,2,"500,000+",500000,910284,4.359375,4257,2213,294,161,266,532,3002
com.naturalcycles.cordova,ca,1,"500,000+",500000,806574,4.6376905,15033,5025,638,189,249,1825,12130
com.naturalcycles.cordova,fil,1,"500,000+",500000,806574,4.6376905,15033,5025,638,189,249,1825,12130
com.naturalcycles.cordova,bg,2,"500,000+",500000,806574,4.6376905,15033,5025,638,189,249,1825,12130
com.naturalcycles.cordova,uk,1,"500,000+",500000,806574,4.6376905,15033,5025,638,189,249,1825,12130
com.naturalcycles.cordova,cs,4,"500,000+",500000,806574,4.6376905,15033,5025,638,189,249,1825,12130
com.naturalcycles.cordova,pt,548,"500,000+",500000,806574,4.6376905,15033,5025,638,189,249,1825,12130
com.naturalcycles.cordova,he,3,"500,000+",500000,806574,4.6376905,15033,5025,638,189,249,1825,12130
com.naturalcycles.cordova,it,14,"500,000+",500000,806574,4.6376905,15033,5025,638,189,249,1825,12130
com.naturalcycles.cordova,sl,4,"500,000+",500000,806574,4.6376905,15033,5025,638,189,249,1825,12130
com.naturalcycles.cordova,de,112,"500,000+",500000,806574,4.6376905,15033,5025,638,189,249,1825,12130
com.naturalcycles.cordova,da,31,"500,000+",500000,806574,4.6376905,15033,5025,638,189,249,1825,12130
com.naturalcycles.cordova,fi,32,"500,000+",500000,806574,4.6376905,15033,5025,638,189,249,1825,12130
com.naturalcycles.cordova,hu,3,"500,000+",500000,806574,4.6376905,15033,5025,638,189,249,1825,12130
com.naturalcycles.cordova,es,146,"500,000+",500000,806574,4.6376905,15033,5025,638,189,249,1825,12130
com.naturalcycles.cordova,ro,1,"500,000+",500000,806574,4.6376905,15033,5025,638,189,249,1825,12130
com.naturalcycles.cordova,sk,1,"500,000+",500000,806574,4.6376905,15033,5025,638,189,249,1825,12130
com.naturalcycles.cordova,id,1,"500,000+",500000,806574,4.6376905,15033,5025,638,189,249,1825,12130
com.naturalcycles.cordova,ru,12,"500,000+",500000,806574,4.6376905,15033,5025,638,189,249,1825,12130
com.naturalcycles.cordova,fr,80,"500,000+",500000,806574,4.6376905,15033,5025,638,189,249,1825,12130
com.naturalcycles.cordova,el,2,"500,000+",500000,806574,4.6376905,15033,5025,638,189,249,1825,12130
com.naturalcycles.cordova,sv,841,"500,000+",500000,806574,4.6376905,15033,5025,638,189,249,1825,12130
com.naturalcycles.cordova,pl,14,"500,000+",500000,806574,4.6376905,15033,5025,638,189,249,1825,12130
com.naturalcycles.cordova,en,3049,"500,000+",500000,806574,4.6376905,15033,5025,638,189,249,1825,12130
com.naturalcycles.cordova,zh-CN,3,"500,000+",500000,806574,4.6376905,15033,5025,638,189,249,1825,12130
com.naturalcycles.cordova,vi,3,"500,000+",500000,806574,4.6376905,15033,5025,638,189,249,1825,12130
com.naturalcycles.cordova,no,32,"500,000+",500000,806574,4.6376905,15033,5025,638,189,249,1825,12130
com.naturalcycles.cordova,nl,53,"500,000+",500000,806574,4.6376905,15033,5025,638,189,249,1825,12130
com.naturalcycles.cordova,lv,2,"500,000+",500000,806574,4.6376905,15033,5025,638,189,249,1825,12130
com.naturalcycles.cordova,af,1,"500,000+",500000,806574,4.6376905,15033,5025,638,189,249,1825,12130
com.naturalcycles.cordova,zh-HK,1,"500,000+",500000,806574,4.6376905,15033,5025,638,189,249,1825,12130
com.naturalcycles.cordova,lt,2,"500,000+",500000,806574,4.6376905,15033,5025,638,189,249,1825,12130
com.naturalcycles.cordova,tr,1,"500,000+",500000,806574,4.6376905,15033,5025,638,189,249,1825,12130
com.fairhavenhealth.ovagraph,ca,1,"50,000+",50000,56066,3.75,1360,696,170,110,180,330,570
com.fairhavenhealth.ovagraph,pt,8,"50,000+",50000,56066,3.75,1360,696,170,110,180,330,570
com.fairhavenhealth.ovagraph,he,2,"50,000+",50000,56066,3.75,1360,696,170,110,180,330,570
com.fairhavenhealth.ovagraph,hr,1,"50,000+",50000,56066,3.75,1360,696,170,110,180,330,570
com.fairhavenhealth.ovagraph,it,3,"50,000+",50000,56066,3.75,1360,696,170,110,180,330,570
com.fairhavenhealth.ovagraph,de,5,"50,000+",50000,56066,3.75,1360,696,170,110,180,330,570
com.fairhavenhealth.ovagraph,fi,1,"50,000+",50000,56066,3.75,1360,696,170,110,180,330,570
com.fairhavenhealth.ovagraph,hu,4,"50,000+",50000,56066,3.75,1360,696,170,110,180,330,570
com.fairhavenhealth.ovagraph,es,8,"50,000+",50000,56066,3.75,1360,696,170,110,180,330,570
com.fairhavenhealth.ovagraph,ro,1,"50,000+",50000,56066,3.75,1360,696,170,110,180,330,570
com.fairhavenhealth.ovagraph,sk,1,"50,000+",50000,56066,3.75,1360,696,170,110,180,330,570
com.fairhavenhealth.ovagraph,fr,6,"50,000+",50000,56066,3.75,1360,696,170,110,180,330,570
com.fairhavenhealth.ovagraph,en,650,"50,000+",50000,56066,3.75,1360,696,170,110,180,330,570
com.fairhavenhealth.ovagraph,no,1,"50,000+",50000,56066,3.75,1360,696,170,110,180,330,570
com.fairhavenhealth.ovagraph,nl,3,"50,000+",50000,56066,3.75,1360,696,170,110,180,330,570
com.avawomen.com.ava_android.production,ca,2,"50,000+",50000,85544,3.6041667,1445,727,260,120,120,371,571
com.avawomen.com.ava_android.production,pt,1,"50,000+",50000,85544,3.6041667,1445,727,260,120,120,371,571
com.avawomen.com.ava_android.production,hr,2,"50,000+",50000,85544,3.6041667,1445,727,260,120,120,371,571
com.avawomen.com.ava_android.production,de,251,"50,000+",50000,85544,3.6041667,1445,727,260,120,120,371,571
com.avawomen.com.ava_android.production,da,1,"50,000+",50000,85544,3.6041667,1445,727,260,120,120,371,571
com.avawomen.com.ava_android.production,es,46,"50,000+",50000,85544,3.6041667,1445,727,260,120,120,371,571
com.avawomen.com.ava_android.production,fr,29,"50,000+",50000,85544,3.6041667,1445,727,260,120,120,371,571
com.avawomen.com.ava_android.production,pl,1,"50,000+",50000,85544,3.6041667,1445,727,260,120,120,371,571
com.avawomen.com.ava_android.production,en,391,"50,000+",50000,85544,3.6041667,1445,727,260,120,120,371,571
com.avawomen.com.ava_android.production,nl,1,"50,000+",50000,85544,3.6041667,1445,727,260,120,120,371,571
com.avawomen.com.ava_android.production,zh-HK,2,"50,000+",50000,85544,3.6041667,1445,727,260,120,120,371,571
com.kindara.pgap,bg,1,"100,000+",100000,313511,4.1005917,1677,843,188,89,148,188,1061
com.kindara.pgap,pt,71,"100,000+",100000,313511,4.1005917,1677,843,188,89,148,188,1061
com.kindara.pgap,he,3,"100,000+",100000,313511,4.1005917,1677,843,188,89,148,188,1061
com.kindara.pgap,it,4,"100,000+",100000,313511,4.1005917,1677,843,188,89,148,188,1061
com.kindara.pgap,de,12,"100,000+",100000,313511,4.1005917,1677,843,188,89,148,188,1061
com.kindara.pgap,hu,21,"100,000+",100000,313511,4.1005917,1677,843,188,89,148,188,1061
com.kindara.pgap,es,52,"100,000+",100000,313511,4.1005917,1677,843,188,89,148,188,1061
com.kindara.pgap,sk,1,"100,000+",100000,313511,4.1005917,1677,843,188,89,148,188,1061
com.kindara.pgap,ru,2,"100,000+",100000,313511,4.1005917,1677,843,188,89,148,188,1061
com.kindara.pgap,fr,14,"100,000+",100000,313511,4.1005917,1677,843,188,89,148,188,1061
com.kindara.pgap,sr,1,"100,000+",100000,313511,4.1005917,1677,843,188,89,148,188,1061
com.kindara.pgap,sv,6,"100,000+",100000,313511,4.1005917,1677,843,188,89,148,188,1061
com.kindara.pgap,ja,3,"100,000+",100000,313511,4.1005917,1677,843,188,89,148,188,1061
com.kindara.pgap,en,641,"100,000+",100000,313511,4.1005917,1677,843,188,89,148,188,1061
com.kindara.pgap,nl,3,"100,000+",100000,313511,4.1005917,1677,843,188,89,148,188,1061
com.kindara.pgap,lt,1,"100,000+",100000,313511,4.1005917,1677,843,188,89,148,188,1061
com.kindara.pgap,tr,1,"100,000+",100000,313511,4.1005917,1677,843,188,89,148,188,1061
com.period.calendar.ovulation.tracker.lunar,bg,1,"500,000+",500000,760991,4.4122806,9113,2507,639,229,419,1269,6554
com.period.calendar.ovulation.tracker.lunar,pt,250,"500,000+",500000,760991,4.4122806,9113,2507,639,229,419,1269,6554
com.period.calendar.ovulation.tracker.lunar,it,2,"500,000+",500000,760991,4.4122806,9113,2507,639,229,419,1269,6554
com.period.calendar.ovulation.tracker.lunar,hu,1,"500,000+",500000,760991,4.4122806,9113,2507,639,229,419,1269,6554
com.period.calendar.ovulation.tracker.lunar,es,242,"500,000+",500000,760991,4.4122806,9113,2507,639,229,419,1269,6554
com.period.calendar.ovulation.tracker.lunar,sk,1,"500,000+",500000,760991,4.4122806,9113,2507,639,229,419,1269,6554
com.period.calendar.ovulation.tracker.lunar,id,322,"500,000+",500000,760991,4.4122806,9113,2507,639,229,419,1269,6554
com.period.calendar.ovulation.tracker.lunar,ru,2,"500,000+",500000,760991,4.4122806,9113,2507,639,229,419,1269,6554
com.period.calendar.ovulation.tracker.lunar,fr,1,"500,000+",500000,760991,4.4122806,9113,2507,639,229,419,1269,6554
com.period.calendar.ovulation.tracker.lunar,en,1668,"500,000+",500000,760991,4.4122806,9113,2507,639,229,419,1269,6554
com.period.calendar.ovulation.tracker.lunar,zh-CN,4,"500,000+",500000,760991,4.4122806,9113,2507,639,229,419,1269,6554
com.period.calendar.ovulation.tracker.lunar,vi,2,"500,000+",500000,760991,4.4122806,9113,2507,639,229,419,1269,6554
org.iggymedia.periodtracker,th,5,"50,000,000+",50000000,66461276,4.7284713,1860206,526171,26749,15870,63243,224001,1530340
org.iggymedia.periodtracker,ca,152,"50,000,000+",50000000,66461276,4.7284713,1860206,526171,26749,15870,63243,224001,1530340
org.iggymedia.periodtracker,fil,6,"50,000,000+",50000000,66461276,4.7284713,1860206,526171,26749,15870,63243,224001,1530340
org.iggymedia.periodtracker,bg,168,"50,000,000+",50000000,66461276,4.7284713,1860206,526171,26749,15870,63243,224001,1530340
org.iggymedia.periodtracker,uk,5,"50,000,000+",50000000,66461276,4.7284713,1860206,526171,26749,15870,63243,224001,1530340
org.iggymedia.periodtracker,cs,191,"50,000,000+",50000000,66461276,4.7284713,1860206,526171,26749,15870,63243,224001,1530340
org.iggymedia.periodtracker,et,48,"50,000,000+",50000000,66461276,4.7284713,1860206,526171,26749,15870,63243,224001,1530340
org.iggymedia.periodtracker,pt,8753,"50,000,000+",50000000,66461276,4.7284713,1860206,526171,26749,15870,63243,224001,1530340
org.iggymedia.periodtracker,he,127,"50,000,000+",50000000,66461276,4.7284713,1860206,526171,26749,15870,63243,224001,1530340
org.iggymedia.periodtracker,hr,237,"50,000,000+",50000000,66461276,4.7284713,1860206,526171,26749,15870,63243,224001,1530340
org.iggymedia.periodtracker,it,995,"50,000,000+",50000000,66461276,4.7284713,1860206,526171,26749,15870,63243,224001,1530340
org.iggymedia.periodtracker,sl,145,"50,000,000+",50000000,66461276,4.7284713,1860206,526171,26749,15870,63243,224001,1530340
org.iggymedia.periodtracker,de,1205,"50,000,000+",50000000,66461276,4.7284713,1860206,526171,26749,15870,63243,224001,1530340
org.iggymedia.periodtracker,da,143,"50,000,000+",50000000,66461276,4.7284713,1860206,526171,26749,15870,63243,224001,1530340
org.iggymedia.periodtracker,fi,423,"50,000,000+",50000000,66461276,4.7284713,1860206,526171,26749,15870,63243,224001,1530340
org.iggymedia.periodtracker,hu,139,"50,000,000+",50000000,66461276,4.7284713,1860206,526171,26749,15870,63243,224001,1530340
org.iggymedia.periodtracker,ko,2272,"50,000,000+",50000000,66461276,4.7284713,1860206,526171,26749,15870,63243,224001,1530340
org.iggymedia.periodtracker,es,6766,"50,000,000+",50000000,66461276,4.7284713,1860206,526171,26749,15870,63243,224001,1530340
org.iggymedia.periodtracker,ro,664,"50,000,000+",50000000,66461276,4.7284713,1860206,526171,26749,15870,63243,224001,1530340
org.iggymedia.periodtracker,sk,72,"50,000,000+",50000000,66461276,4.7284713,1860206,526171,26749,15870,63243,224001,1530340
org.iggymedia.periodtracker,is,9,"50,000,000+",50000000,66461276,4.7284713,1860206,526171,26749,15870,63243,224001,1530340
org.iggymedia.periodtracker,id,6965,"50,000,000+",50000000,66461276,4.7284713,1860206,526171,26749,15870,63243,224001,1530340
org.iggymedia.periodtracker,ru,199,"50,000,000+",50000000,66461276,4.7284713,1860206,526171,26749,15870,63243,224001,1530340
org.iggymedia.periodtracker,fr,6818,"50,000,000+",50000000,66461276,4.7284713,1860206,526171,26749,15870,63243,224001,1530340
org.iggymedia.periodtracker,sr,428,"50,000,000+",50000000,66461276,4.7284713,1860206,526171,26749,15870,63243,224001,1530340
org.iggymedia.periodtracker,el,356,"50,000,000+",50000000,66461276,4.7284713,1860206,526171,26749,15870,63243,224001,1530340
org.iggymedia.periodtracker,sv,520,"50,000,000+",50000000,66461276,4.7284713,1860206,526171,26749,15870,63243,224001,1530340
org.iggymedia.periodtracker,pl,995,"50,000,000+",50000000,66461276,4.7284713,1860206,526171,26749,15870,63243,224001,1530340
org.iggymedia.periodtracker,hi,12,"50,000,000+",50000000,66461276,4.7284713,1860206,526171,26749,15870,63243,224001,1530340
org.iggymedia.periodtracker,ja,727,"50,000,000+",50000000,66461276,4.7284713,1860206,526171,26749,15870,63243,224001,1530340
org.iggymedia.periodtracker,en,1592,"50,000,000+",50000000,66461276,4.7284713,1860206,526171,26749,15870,63243,224001,1530340
org.iggymedia.periodtracker,zh-CN,327,"50,000,000+",50000000,66461276,4.7284713,1860206,526171,26749,15870,63243,224001,1530340
org.iggymedia.periodtracker,vi,398,"50,000,000+",50000000,66461276,4.7284713,1860206,526171,26749,15870,63243,224001,1530340
org.iggymedia.periodtracker,no,171,"50,000,000+",50000000,66461276,4.7284713,1860206,526171,26749,15870,63243,224001,1530340
org.iggymedia.periodtracker,nl,398,"50,000,000+",50000000,66461276,4.7284713,1860206,526171,26749,15870,63243,224001,1530340
org.iggymedia.periodtracker,ms,90,"50,000,000+",50000000,66461276,4.7284713,1860206,526171,26749,15870,63243,224001,1530340
org.iggymedia.periodtracker,lv,116,"50,000,000+",50000000,66461276,4.7284713,1860206,526171,26749,15870,63243,224001,1530340
org.iggymedia.periodtracker,af,2,"50,000,000+",50000000,66461276,4.7284713,1860206,526171,26749,15870,63243,224001,1530340
org.iggymedia.periodtracker,zh-HK,1448,"50,000,000+",50000000,66461276,4.7284713,1860206,526171,26749,15870,63243,224001,1530340
org.iggymedia.periodtracker,lt,147,"50,000,000+",50000000,66461276,4.7284713,1860206,526171,26749,15870,63243,224001,1530340
org.iggymedia.periodtracker,tr,3582,"50,000,000+",50000000,66461276,4.7284713,1860206,526171,26749,15870,63243,224001,1530340
com.facebook.katana,zu,4,"5,000,000,000+",5000000000,6546171776,4.0662203,108825017,31804226,16912850,3750963,6316682,10080899,71763620
com.facebook.katana,th,1592,"5,000,000,000+",5000000000,6546171776,4.0662203,108825017,31804226,16912850,3750963,6316682,10080899,71763620
com.facebook.katana,ca,399,"5,000,000,000+",5000000000,6546171776,4.0662203,108825017,31804226,16912850,3750963,6316682,10080899,71763620
com.facebook.katana,fil,609,"5,000,000,000+",5000000000,6546171776,4.0662203,108825017,31804226,16912850,3750963,6316682,10080899,71763620
com.facebook.katana,bg,4788,"5,000,000,000+",5000000000,6546171776,4.0662203,108825017,31804226,16912850,3750963,6316682,10080899,71763620
com.facebook.katana,uk,1057,"5,000,000,000+",5000000000,6546171776,4.0662203,108825017,31804226,16912850,3750963,6316682,10080899,71763620
com.facebook.katana,am,172,"5,000,000,000+",5000000000,6546171776,4.0662203,108825017,31804226,16912850,3750963,6316682,10080899,71763620
com.facebook.katana,cs,7428,"5,000,000,000+",5000000000,6546171776,4.0662203,108825017,31804226,16912850,3750963,6316682,10080899,71763620
com.facebook.katana,et,797,"5,000,000,000+",5000000000,6546171776,4.0662203,108825017,31804226,16912850,3750963,6316682,10080899,71763620
com.facebook.katana,pt,37412,"5,000,000,000+",5000000000,6546171776,4.0662203,108825017,31804226,16912850,3750963,6316682,10080899,71763620
com.facebook.katana,he,2651,"5,000,000,000+",5000000000,6546171776,4.0662203,108825017,31804226,16912850,3750963,6316682,10080899,71763620
com.facebook.katana,hr,5244,"5,000,000,000+",5000000000,6546171776,4.0662203,108825017,31804226,16912850,3750963,6316682,10080899,71763620
com.facebook.katana,it,4528,"5,000,000,000+",5000000000,6546171776,4.0662203,108825017,31804226,16912850,3750963,6316682,10080899,71763620
com.facebook.katana,sl,1001,"5,000,000,000+",5000000000,6546171776,4.0662203,108825017,31804226,16912850,3750963,6316682,10080899,71763620
com.facebook.katana,de,398,"5,000,000,000+",5000000000,6546171776,4.0662203,108825017,31804226,16912850,3750963,6316682,10080899,71763620
com.facebook.katana,da,15,"5,000,000,000+",5000000000,6546171776,4.0662203,108825017,31804226,16912850,3750963,6316682,10080899,71763620
com.facebook.katana,fi,2987,"5,000,000,000+",5000000000,6546171776,4.0662203,108825017,31804226,16912850,3750963,6316682,10080899,71763620
com.facebook.katana,hu,1444,"5,000,000,000+",5000000000,6546171776,4.0662203,108825017,31804226,16912850,3750963,6316682,10080899,71763620
com.facebook.katana,ko,2786,"5,000,000,000+",5000000000,6546171776,4.0662203,108825017,31804226,16912850,3750963,6316682,10080899,71763620
com.facebook.katana,es,8358,"5,000,000,000+",5000000000,6546171776,4.0662203,108825017,31804226,16912850,3750963,6316682,10080899,71763620
com.facebook.katana,ro,1592,"5,000,000,000+",5000000000,6546171776,4.0662203,108825017,31804226,16912850,3750963,6316682,10080899,71763620
com.facebook.katana,sk,3591,"5,000,000,000+",5000000000,6546171776,4.0662203,108825017,31804226,16912850,3750963,6316682,10080899,71763620
com.facebook.katana,is,258,"5,000,000,000+",5000000000,6546171776,4.0662203,108825017,31804226,16912850,3750963,6316682,10080899,71763620
com.facebook.katana,id,995,"5,000,000,000+",5000000000,6546171776,4.0662203,108825017,31804226,16912850,3750963,6316682,10080899,71763620
com.facebook.katana,ru,995,"5,000,000,000+",5000000000,6546171776,4.0662203,108825017,31804226,16912850,3750963,6316682,10080899,71763620
com.facebook.katana,fr,5572,"5,000,000,000+",5000000000,6546171776,4.0662203,108825017,31804226,16912850,3750963,6316682,10080899,71763620
com.facebook.katana,sr,850,"5,000,000,000+",5000000000,6546171776,4.0662203,108825017,31804226,16912850,3750963,6316682,10080899,71763620
com.facebook.katana,el,6995,"5,000,000,000+",5000000000,6546171776,4.0662203,108825017,31804226,16912850,3750963,6316682,10080899,71763620
com.facebook.katana,sv,8168,"5,000,000,000+",5000000000,6546171776,4.0662203,108825017,31804226,16912850,3750963,6316682,10080899,71763620
com.facebook.katana,pl,8159,"5,000,000,000+",5000000000,6546171776,4.0662203,108825017,31804226,16912850,3750963,6316682,10080899,71763620
com.facebook.katana,sw,482,"5,000,000,000+",5000000000,6546171776,4.0662203,108825017,31804226,16912850,3750963,6316682,10080899,71763620
com.facebook.katana,hi,1592,"5,000,000,000+",5000000000,6546171776,4.0662203,108825017,31804226,16912850,3750963,6316682,10080899,71763620
com.facebook.katana,ja,2828,"5,000,000,000+",5000000000,6546171776,4.0662203,108825017,31804226,16912850,3750963,6316682,10080899,71763620
com.facebook.katana,en,2587,"5,000,000,000+",5000000000,6546171776,4.0662203,108825017,31804226,16912850,3750963,6316682,10080899,71763620
com.facebook.katana,zh-CN,27263,"5,000,000,000+",5000000000,6546171776,4.0662203,108825017,31804226,16912850,3750963,6316682,10080899,71763620
com.facebook.katana,vi,10945,"5,000,000,000+",5000000000,6546171776,4.0662203,108825017,31804226,16912850,3750963,6316682,10080899,71763620
com.facebook.katana,no,6965,"5,000,000,000+",5000000000,6546171776,4.0662203,108825017,31804226,16912850,3750963,6316682,10080899,71763620
com.facebook.katana,nl,1393,"5,000,000,000+",5000000000,6546171776,4.0662203,108825017,31804226,16912850,3750963,6316682,10080899,71763620
com.facebook.katana,ms,8299,"5,000,000,000+",5000000000,6546171776,4.0662203,108825017,31804226,16912850,3750963,6316682,10080899,71763620
com.facebook.katana,lv,796,"5,000,000,000+",5000000000,6546171776,4.0662203,108825017,31804226,16912850,3750963,6316682,10080899,71763620
com.facebook.katana,af,451,"5,000,000,000+",5000000000,6546171776,4.0662203,108825017,31804226,16912850,3750963,6316682,10080899,71763620
com.facebook.katana,zh-HK,5174,"5,000,000,000+",5000000000,6546171776,4.0662203,108825017,31804226,16912850,3750963,6316682,10080899,71763620
com.facebook.katana,lt,5772,"5,000,000,000+",5000000000,6546171776,4.0662203,108825017,31804226,16912850,3750963,6316682,10080899,71763620
com.facebook.katana,tr,19356,"5,000,000,000+",5000000000,6546171776,4.0662203,108825017,31804226,16912850,3750963,6316682,10080899,71763620
com.instagram.android,zu,6,"1,000,000,000+",1000000000,3429416115,4.3538275,115391909,38314287,10897785,3002736,5387929,11187896,84915560
com.instagram.android,th,4776,"1,000,000,000+",1000000000,3429416115,4.3538275,115391909,38314287,10897785,3002736,5387929,11187896,84915560
com.instagram.android,ca,5176,"1,000,000,000+",1000000000,3429416115,4.3538275,115391909,38314287,10897785,3002736,5387929,11187896,84915560
com.instagram.android,fil,3,"1,000,000,000+",1000000000,3429416115,4.3538275,115391909,38314287,10897785,3002736,5387929,11187896,84915560
com.instagram.android,bg,422,"1,000,000,000+",1000000000,3429416115,4.3538275,115391909,38314287,10897785,3002736,5387929,11187896,84915560
com.instagram.android,uk,11741,"1,000,000,000+",1000000000,3429416115,4.3538275,115391909,38314287,10897785,3002736,5387929,11187896,84915560
com.instagram.android,am,33,"1,000,000,000+",1000000000,3429416115,4.3538275,115391909,38314287,10897785,3002736,5387929,11187896,84915560
com.instagram.android,cs,2421,"1,000,000,000+",1000000000,3429416115,4.3538275,115391909,38314287,10897785,3002736,5387929,11187896,84915560
com.instagram.android,et,3272,"1,000,000,000+",1000000000,3429416115,4.3538275,115391909,38314287,10897785,3002736,5387929,11187896,84915560
com.instagram.android,pt,6567,"1,000,000,000+",1000000000,3429416115,4.3538275,115391909,38314287,10897785,3002736,5387929,11187896,84915560
com.instagram.android,he,353,"1,000,000,000+",1000000000,3429416115,4.3538275,115391909,38314287,10897785,3002736,5387929,11187896,84915560
com.instagram.android,hr,6595,"1,000,000,000+",1000000000,3429416115,4.3538275,115391909,38314287,10897785,3002736,5387929,11187896,84915560
com.instagram.android,it,3980,"1,000,000,000+",1000000000,3429416115,4.3538275,115391909,38314287,10897785,3002736,5387929,11187896,84915560
com.instagram.android,sl,3585,"1,000,000,000+",1000000000,3429416115,4.3538275,115391909,38314287,10897785,3002736,5387929,11187896,84915560
com.instagram.android,de,11940,"1,000,000,000+",1000000000,3429416115,4.3538275,115391909,38314287,10897785,3002736,5387929,11187896,84915560
com.instagram.android,da,8161,"1,000,000,000+",1000000000,3429416115,4.3538275,115391909,38314287,10897785,3002736,5387929,11187896,84915560
com.instagram.android,fi,3200,"1,000,000,000+",1000000000,3429416115,4.3538275,115391909,38314287,10897785,3002736,5387929,11187896,84915560
com.instagram.android,hu,2406,"1,000,000,000+",1000000000,3429416115,4.3538275,115391909,38314287,10897785,3002736,5387929,11187896,84915560
com.instagram.android,ko,2786,"1,000,000,000+",1000000000,3429416115,4.3538275,115391909,38314287,10897785,3002736,5387929,11187896,84915560
com.instagram.android,es,7363,"1,000,000,000+",1000000000,3429416115,4.3538275,115391909,38314287,10897785,3002736,5387929,11187896,84915560
com.instagram.android,ro,2086,"1,000,000,000+",1000000000,3429416115,4.3538275,115391909,38314287,10897785,3002736,5387929,11187896,84915560
com.instagram.android,sk,3589,"1,000,000,000+",1000000000,3429416115,4.3538275,115391909,38314287,10897785,3002736,5387929,11187896,84915560
com.instagram.android,is,529,"1,000,000,000+",1000000000,3429416115,4.3538275,115391909,38314287,10897785,3002736,5387929,11187896,84915560
com.instagram.android,id,1194,"1,000,000,000+",1000000000,3429416115,4.3538275,115391909,38314287,10897785,3002736,5387929,11187896,84915560
com.instagram.android,ru,7562,"1,000,000,000+",1000000000,3429416115,4.3538275,115391909,38314287,10897785,3002736,5387929,11187896,84915560
com.instagram.android,fr,7761,"1,000,000,000+",1000000000,3429416115,4.3538275,115391909,38314287,10897785,3002736,5387929,11187896,84915560
com.instagram.android,sr,11542,"1,000,000,000+",1000000000,3429416115,4.3538275,115391909,38314287,10897785,3002736,5387929,11187896,84915560
com.instagram.android,el,199,"1,000,000,000+",1000000000,3429416115,4.3538275,115391909,38314287,10897785,3002736,5387929,11187896,84915560
com.instagram.android,sv,10958,"1,000,000,000+",1000000000,3429416115,4.3538275,115391909,38314287,10897785,3002736,5387929,11187896,84915560
com.instagram.android,pl,398,"1,000,000,000+",1000000000,3429416115,4.3538275,115391909,38314287,10897785,3002736,5387929,11187896,84915560
com.instagram.android,sw,286,"1,000,000,000+",1000000000,3429416115,4.3538275,115391909,38314287,10897785,3002736,5387929,11187896,84915560
com.instagram.android,hi,2192,"1,000,000,000+",1000000000,3429416115,4.3538275,115391909,38314287,10897785,3002736,5387929,11187896,84915560
com.instagram.android,ja,4674,"1,000,000,000+",1000000000,3429416115,4.3538275,115391909,38314287,10897785,3002736,5387929,11187896,84915560
com.instagram.android,en,7960,"1,000,000,000+",1000000000,3429416115,4.3538275,115391909,38314287,10897785,3002736,5387929,11187896,84915560
com.instagram.android,zh-CN,8159,"1,000,000,000+",1000000000,3429416115,4.3538275,115391909,38314287,10897785,3002736,5387929,11187896,84915560
com.instagram.android,vi,6567,"1,000,000,000+",1000000000,3429416115,4.3538275,115391909,38314287,10897785,3002736,5387929,11187896,84915560
com.instagram.android,no,10349,"1,000,000,000+",1000000000,3429416115,4.3538275,115391909,38314287,10897785,3002736,5387929,11187896,84915560
com.instagram.android,nl,8756,"1,000,000,000+",1000000000,3429416115,4.3538275,115391909,38314287,10897785,3002736,5387929,11187896,84915560
com.instagram.android,ms,796,"1,000,000,000+",1000000000,3429416115,4.3538275,115391909,38314287,10897785,3002736,5387929,11187896,84915560
com.instagram.android,lv,3584,"1,000,000,000+",1000000000,3429416115,4.3538275,115391909,38314287,10897785,3002736,5387929,11187896,84915560
com.instagram.android,af,169,"1,000,000,000+",1000000000,3429416115,4.3538275,115391909,38314287,10897785,3002736,5387929,11187896,84915560
com.instagram.android,zh-HK,5970,"1,000,000,000+",1000000000,3429416115,4.3538275,115391909,38314287,10897785,3002736,5387929,11187896,84915560
com.instagram.android,lt,400,"1,000,000,000+",1000000000,3429416115,4.3538275,115391909,38314287,10897785,3002736,5387929,11187896,84915560
com.instagram.android,tr,995,"1,000,000,000+",1000000000,3429416115,4.3538275,115391909,38314287,10897785,3002736,5387929,11187896,84915560
